game_id,date,time,round,meet_seq,home_team,away_team,home_score,away_score,stadium,stadium_full,attendance,game_status,end_yn,broadcast,weekday,referee,weather,temperature,humidity,is_derby,day_of_week,is_weekend,month,season_half,home_rank_before,away_rank_before,home_points_before,away_points_before,home_played_before,away_played_before,rank_difference,home_is_upper_split,away_is_upper_split,home_is_lower_split,away_is_lower_split,home_is_relegation,away_is_relegation,home_relegation_danger,away_relegation_danger,home_is_acl,away_is_acl,home_split_group,away_split_group,home_detailed_group,away_detailed_group,is_cross_split,home_form_points,away_form_points,home_recent_wins,away_recent_wins,form_difference
1,2023-02-25,14:00,1,1,울산,전북,2,1,울산 문수,울산 문수 축구경기장,28039,FE,Y,skySports//쿠팡플레이,토,박병진,흐림,13,67,1,Saturday,1,2,상반기,10,12,0,0,0,0,2,0,0,1,1,0,1,1,1,0,0,하위스플릿,하위스플릿,강등위기,강등권,0,0,0,0,0,0
2,2023-02-25,16:30,1,1,서울,인천,2,1,서울 월드컵,서울 월드컵 경기장,22204,FE,Y,JTBC G&S//쿠팡플레이,토,정동식,흐림,9,95,1,Saturday,1,2,상반기,8,11,0,0,0,0,3,0,0,1,1,0,0,0,1,0,0,하위스플릿,하위스플릿,중위권,강등위기,0,0,0,0,0,0
3,2023-02-25,16:30,1,1,수원,광주,0,1,수원 월드컵,수원 월드컵 경기장,10348,FE,Y,skySports//쿠팡플레이,토,채상협,흐림,15.1,76,0,Saturday,1,2,상반기,9,4,0,0,0,0,5,0,1,1,0,0,0,0,0,0,0,하위스플릿,상위스플릿,중위권,상위권,1,0,0,0,0,0
5,2023-02-26,14:00,1,1,제주,수원FC,0,0,제주 월드컵,제주 월드컵 경기장,8362,FE,Y,JTBC G&S//쿠팡플레이,일,김영수,맑음,8,44,0,Sunday,1,2,상반기,10,9,0,0,0,0,1,0,0,1,1,0,0,1,0,0,0,하위스플릿,하위스플릿,강등위기,중위권,0,0,0,0,0,0
4,2023-02-26,14:30,1,1,포항,대구,3,2,포항 스틸야드,포항 스틸야드,14089,FE,Y,skySports//쿠팡플레이,일,이동준,맑음,19.2,47,1,Sunday,1,2,상반기,11,8,0,0,0,0,3,0,0,1,1,0,0,1,0,0,0,하위스플릿,하위스플릿,강등위기,중위권,0,0,0,0,0,0
6,2023-02-26,16:30,1,1,대전,강원,2,0,대전 월드컵,대전 월드컵 경기장,18590,FE,Y,IB SPORTS//쿠팡플레이,일,신용준,맑음,8.3,19,0,Sunday,1,2,상반기,9,7,0,0,0,0,2,0,0,1,1,0,0,0,0,0,0,하위스플릿,하위스플릿,중위권,중위권,0,0,0,0,0,0
7,2023-03-04,14:00,2,1,인천,대전,3,3,인천 전용,인천 축구 전용경기장,10011,FE,Y,JTBC G&S//쿠팡플레이,토,최현재,맑음,9.4,62,0,Saturday,1,3,상반기,11,1,0,3,1,1,10,0,1,1,0,0,0,1,0,0,1,하위스플릿,상위스플릿,강등위기,ACL권,1,0,3,0,1,-3
8,2023-03-04,14:00,2,1,수원FC,포항,1,2,수원 종합,수원 종합 운동장,7155,FE,Y,skySports//쿠팡플레이,토,김용우,맑음,10,50,0,Saturday,1,3,상반기,6,2,1,3,1,1,4,1,1,0,0,0,0,0,0,0,1,상위스플릿,상위스플릿,상위권,ACL권,0,1,3,0,1,-2
9,2023-03-04,16:30,2,1,대구,제주,1,1,DGB대구은행파크,DGB대구은행파크,10851,FE,Y,skySports//쿠팡플레이,토,고형진,흐림,14,32,0,Saturday,1,3,상반기,11,6,0,1,1,1,5,0,1,1,0,0,0,1,0,0,0,하위스플릿,상위스플릿,강등위기,상위권,1,0,1,0,0,-1
10,2023-03-05,14:00,2,1,전북,수원,1,1,전주 월드컵,전주 월드컵 경기장,19660,FE,Y,skySports//쿠팡플레이,일,김종혁,맑음,15,32,1,Sunday,1,3,상반기,12,13,0,0,1,1,1,0,0,1,1,1,0,1,1,0,0,하위스플릿,하위스플릿,강등권,강등권,0,0,0,0,0,0
11,2023-03-05,14:00,2,1,강원,울산,0,1,춘천 송암,춘천 송암 스포츠타운,6199,FE,Y,IB SPORTS//쿠팡플레이,일,송민석,맑음,9.4,49,0,Sunday,1,3,상반기,14,4,0,3,1,1,10,0,1,1,0,0,0,1,0,0,0,하위스플릿,상위스플릿,강등권,상위권,1,0,3,0,1,-3
12,2023-03-05,16:30,2,1,광주,서울,0,2,광주 전용,광주 축구 전용경기장,7357,FE,Y,JTBC G&S//쿠팡플레이,일,김대용,맑음,16,25,0,Sunday,1,3,상반기,5,4,3,3,1,1,1,1,1,0,0,0,0,0,0,0,0,상위스플릿,상위스플릿,상위권,상위권,0,3,3,1,1,0
15,2023-03-11,16:30,3,1,강원,대구,1,1,춘천 송암,춘천 송암 스포츠타운,4058,FE,Y,JTBC G&S//쿠팡플레이,토,정동식,맑음,22.4,20,0,Saturday,1,3,상반기,14,8,0,1,2,2,6,0,0,1,1,0,0,1,0,0,0,하위스플릿,하위스플릿,강등권,중위권,0,0,1,0,0,-1
13,2023-03-11,14:00,3,1,수원FC,수원,2,1,수원 종합,수원 종합 운동장,8670,FE,Y,skySports//쿠팡플레이,토,신용준,맑음,22,20,1,Saturday,1,3,상반기,11,10,1,1,2,2,1,0,0,1,1,0,0,1,1,0,0,하위스플릿,하위스플릿,강등위기,강등위기,0,1,1,0,0,0
14,2023-03-11,14:00,3,1,대전,포항,0,0,대전 월드컵,대전 월드컵 경기장,8661,FE,Y,IB SPORTS//쿠팡플레이,토,송민석,맑음,23.7,14,0,Saturday,1,3,상반기,4,2,4,6,2,2,2,1,1,0,0,0,0,0,0,0,1,상위스플릿,상위스플릿,상위권,ACL권,0,4,6,1,2,-2
16,2023-03-12,14:00,3,1,서울,울산,1,2,서울 월드컵,서울 월드컵 경기장,20549,FE,Y,skySports//쿠팡플레이,일,이동준,비,5.5,94,0,Sunday,1,3,상반기,2,3,6,6,2,2,1,1,1,0,0,0,0,0,0,1,0,상위스플릿,상위스플릿,ACL권,상위권,0,6,6,2,2,0
17,2023-03-12,16:30,3,1,전북,광주,2,0,전주 월드컵,전주 월드컵 경기장,8051,FE,Y,JTBC G&S//쿠팡플레이,일,안재훈,비,7,82,0,Sunday,1,3,상반기,10,6,1,3,2,2,4,0,1,1,0,0,0,1,0,0,0,하위스플릿,상위스플릿,강등위기,상위권,1,1,3,0,1,-2
18,2023-03-12,16:30,3,1,인천,제주,1,0,인천 전용,인천 축구 전용경기장,6007,FE,Y,skySports//쿠팡플레이,일,박병진,흐림,5.5,83,0,Sunday,1,3,상반기,10,8,1,2,2,2,2,0,0,1,1,0,0,1,0,0,0,하위스플릿,하위스플릿,강등위기,중위권,0,1,2,0,0,-1
19,2023-03-18,14:00,4,1,포항,강원,1,1,포항 스틸야드,포항 스틸야드,7514,FE,Y,JTBC G&S//쿠팡플레이,토,김대용,맑음,13,40,0,Saturday,1,3,상반기,2,12,7,1,3,3,10,1,0,0,1,0,1,0,1,1,0,상위스플릿,하위스플릿,ACL권,강등권,1,7,1,2,0,6
20,2023-03-18,14:00,4,1,광주,인천,5,0,광주 전용,광주 축구 전용경기장,2812,FE,Y,IB SPORTS//쿠팡플레이,토,김용우,맑음,15,26,0,Saturday,1,3,상반기,8,6,3,4,3,3,2,0,1,1,0,0,0,0,0,0,0,하위스플릿,상위스플릿,중위권,상위권,1,3,4,1,1,-1
21,2023-03-18,16:30,4,1,제주,서울,1,2,제주 월드컵,제주 월드컵 경기장,7078,FE,Y,skySports//쿠팡플레이,토,김종혁,맑음,13,42,0,Saturday,1,3,상반기,10,4,2,6,3,3,6,0,1,1,0,0,0,1,0,0,0,하위스플릿,상위스플릿,강등위기,상위권,1,2,6,0,2,-4
22,2023-03-19,14:00,4,1,대구,전북,2,0,DGB대구은행파크,DGB대구은행파크,12253,FE,Y,JTBC G&S//쿠팡플레이,일,최현재,맑음,14,22,0,Sunday,1,3,상반기,9,6,2,4,3,3,3,0,1,1,0,0,0,0,0,0,0,하위스플릿,상위스플릿,중위권,상위권,1,2,4,0,1,-2
23,2023-03-19,14:00,4,1,수원,대전,1,3,수원 월드컵,수원 월드컵 경기장,10442,FE,Y,skySports//쿠팡플레이,일,김영수,맑음,11.9,46,0,Sunday,1,3,상반기,12,5,1,5,3,3,7,0,1,1,0,1,0,1,0,0,0,하위스플릿,상위스플릿,강등권,상위권,1,1,5,0,1,-4
24,2023-03-19,16:30,4,1,울산,수원FC,3,0,울산 문수,울산 문수 축구경기장,15230,FE,Y,skySports//쿠팡플레이,일,고형진,맑음,15.6,28,0,Sunday,1,3,상반기,2,7,9,4,3,3,5,1,0,0,1,0,0,0,0,1,0,상위스플릿,하위스플릿,ACL권,중위권,1,9,4,3,1,5
27,2023-04-01,16:30,5,1,광주,수원FC,2,0,광주 전용,광주 축구 전용경기장,4535,FE,Y,IB SPORTS//쿠팡플레이,토,송민석,맑음,24,10,0,Saturday,1,4,상반기,5,9,6,4,4,4,4,1,0,0,1,0,0,0,0,0,0,상위스플릿,하위스플릿,상위권,중위권,1,6,4,2,1,2
28,2023-04-01,19:00,5,1,대전,서울,3,2,대전 월드컵,대전 월드컵 경기장,15793,FE,Y,JTBC G&S//쿠팡플레이,토,신용준,맑음,24.6,12,0,Saturday,1,4,상반기,3,2,8,9,4,4,1,1,1,0,0,0,0,0,0,0,1,상위스플릿,상위스플릿,상위권,ACL권,0,8,9,2,3,-1
25,2023-04-01,14:00,5,1,전북,포항,1,2,전주 월드컵,전주 월드컵 경기장,12767,FE,Y,skySports//쿠팡플레이,토,채상협,맑음,23,21,0,Saturday,1,4,상반기,7,4,4,8,4,4,3,0,1,1,0,0,0,0,0,0,0,하위스플릿,상위스플릿,중위권,상위권,1,4,8,1,2,-4
26,2023-04-01,16:30,5,1,인천,대구,0,0,인천 전용,인천 축구 전용경기장,8250,FE,Y,skySports//쿠팡플레이,토,김종혁,맑음,22,30,0,Saturday,1,4,상반기,9,6,4,5,4,4,3,0,1,1,0,0,0,0,0,0,0,하위스플릿,상위스플릿,중위권,상위권,1,4,5,1,1,-1
29,2023-04-02,14:00,5,1,제주,울산,1,3,제주 월드컵,제주 월드컵 경기장,7140,FE,Y,skySports//쿠팡플레이,일,김우성,맑음,20.7,34,0,Sunday,1,4,상반기,11,1,2,12,4,4,10,0,1,1,0,0,0,1,0,0,1,하위스플릿,상위스플릿,강등위기,ACL권,1,2,12,0,4,-10
30,2023-04-02,16:30,5,1,수원,강원,1,1,수원 월드컵,수원 월드컵 경기장,7428,FE,Y,JTBC G&S//쿠팡플레이,일,이동준,맑음,23.2,14,0,Sunday,1,4,상반기,12,11,1,2,4,4,1,0,0,1,1,1,0,1,1,0,0,하위스플릿,하위스플릿,강등권,강등위기,0,1,2,0,0,-1
31,2023-04-08,14:00,6,1,울산,수원,2,1,울산 문수,울산 문수 축구경기장,15181,FE,Y,JTBC G&S//쿠팡플레이,토,김대용,맑음,13,19,0,Saturday,1,4,상반기,1,11,15,2,5,5,10,1,0,0,1,0,0,0,1,1,0,상위스플릿,하위스플릿,ACL권,강등위기,1,15,2,5,0,13
32,2023-04-08,16:30,6,1,서울,대구,3,0,서울 월드컵,서울 월드컵 경기장,45007,FE,Y,skySports//쿠팡플레이,토,안재훈,맑음,14.6,31,0,Saturday,1,4,상반기,5,6,9,6,5,5,1,1,1,0,0,0,0,0,0,0,0,상위스플릿,상위스플릿,상위권,상위권,0,9,6,3,1,3
33,2023-04-08,19:00,6,1,포항,광주,2,0,포항 스틸야드,포항 스틸야드,7062,FE,Y,skySports//쿠팡플레이,토,정동식,맑음,13,11,0,Saturday,1,4,상반기,4,5,11,9,5,5,1,1,1,0,0,0,0,0,0,0,0,상위스플릿,상위스플릿,상위권,상위권,0,11,9,3,3,2
36,2023-04-09,15:00,6,1,수원FC,대전,5,3,수원 종합,수원 종합 운동장,4421,FE,Y,JTBC G&S//쿠팡플레이,일,박병진,맑음,16.8,38,0,Sunday,1,4,상반기,9,4,4,11,5,5,5,0,1,1,0,0,0,0,0,0,0,하위스플릿,상위스플릿,중위권,상위권,1,4,11,1,3,-7
34,2023-04-09,16:30,6,1,전북,인천,2,0,전주 월드컵,전주 월드컵 경기장,8697,FE,Y,skySports//쿠팡플레이,일,김희곤,맑음,17,27,0,Sunday,1,4,상반기,9,8,4,5,5,5,1,0,0,1,1,0,0,0,0,0,0,하위스플릿,하위스플릿,중위권,중위권,0,4,5,1,1,-1
35,2023-04-09,19:00,6,1,강원,제주,0,1,춘천 송암,춘천 송암 스포츠타운,2581,FE,Y,IB SPORTS//쿠팡플레이,일,최현재,맑음,17,24,0,Sunday,1,4,상반기,10,11,3,2,5,5,1,0,0,1,1,0,0,1,1,0,0,하위스플릿,하위스플릿,강등위기,강등위기,0,3,2,0,0,1
37,2023-04-15,14:00,7,1,수원,제주,2,3,수원 월드컵,수원 월드컵 경기장,5190,FE,Y,JTBC G&S//쿠팡플레이,토,김희곤,비,13.1,92,0,Saturday,1,4,상반기,12,9,2,5,6,6,3,0,0,1,1,1,0,1,0,0,0,하위스플릿,하위스플릿,강등권,중위권,0,2,4,0,1,-2
38,2023-04-15,16:30,7,1,포항,서울,1,1,포항 스틸야드,포항 스틸야드,9131,FE,Y,JTBC G&S//쿠팡플레이,토,김종혁,비,13,91,0,Saturday,1,4,상반기,2,3,14,12,6,6,1,1,1,0,0,0,0,0,0,1,0,상위스플릿,상위스플릿,ACL권,상위권,0,11,9,3,3,2
39,2023-04-15,19:00,7,1,수원FC,전북,1,0,수원 종합,수원 종합 운동장,9221,FE,Y,skySports//쿠팡플레이,토,고형진,맑음,13.5,79,1,Saturday,1,4,상반기,8,7,7,7,6,6,1,0,0,1,1,0,0,0,0,0,0,하위스플릿,하위스플릿,중위권,중위권,0,6,7,2,2,-1
40,2023-04-16,14:00,7,1,강원,인천,0,2,춘천 송암,춘천 송암 스포츠타운,3162,FE,Y,IB SPORTS//쿠팡플레이,일,이동준,흐림,13.8,53,0,Sunday,1,4,상반기,11,10,3,5,6,6,1,0,0,1,1,0,0,1,1,0,0,하위스플릿,하위스플릿,강등위기,강등위기,0,3,5,0,1,-2
41,2023-04-16,16:30,7,1,대전,울산,2,1,대전 월드컵,대전 월드컵 경기장,16359,FE,Y,skySports//쿠팡플레이,일,채상협,맑음,16.8,27,0,Sunday,1,4,상반기,4,1,11,18,6,6,3,1,1,0,0,0,0,0,0,0,1,상위스플릿,상위스플릿,상위권,ACL권,0,8,15,2,5,-7
42,2023-04-16,19:00,7,1,대구,광주,3,4,DGB대구은행파크,DGB대구은행파크,7534,FE,Y,skySports//쿠팡플레이,일,김대용,흐림,15.8,30,1,Sunday,1,4,상반기,10,6,6,9,6,6,4,0,1,1,0,0,0,1,0,0,0,하위스플릿,상위스플릿,강등위기,상위권,1,6,6,1,2,0
43,2023-04-22,14:00,8,1,서울,수원,3,1,서울 월드컵,서울 월드컵 경기장,30186,FE,Y,SBS//skySports//쿠팡플레이,토,정동식,맑음,19.2,11,1,Saturday,1,4,상반기,4,12,13,2,7,7,8,1,0,0,1,0,1,0,1,0,0,상위스플릿,하위스플릿,상위권,강등권,1,7,1,2,0,6
44,2023-04-22,16:30,8,1,울산,포항,2,2,울산 문수,울산 문수 축구경기장,16761,FE,Y,JTBC G&S//쿠팡플레이,토,신용준,맑음,15.4,34,1,Saturday,1,4,상반기,1,2,18,15,7,7,1,1,1,0,0,0,0,0,0,1,1,상위스플릿,상위스플릿,ACL권,ACL권,0,12,9,4,2,3
45,2023-04-22,16:30,8,1,대구,대전,1,0,DGB대구은행파크,DGB대구은행파크,10236,FE,Y,skySports//쿠팡플레이,토,송민석,맑음,18.4,25,0,Saturday,1,4,상반기,10,3,6,14,7,7,7,0,1,1,0,0,0,1,0,0,0,하위스플릿,상위스플릿,강등위기,상위권,1,5,10,1,3,-5
46,2023-04-22,19:00,8,1,인천,수원FC,2,2,인천 전용,인천 축구 전용경기장,8215,FE,Y,JTBC G&S//쿠팡플레이,토,김영수,맑음,20.3,14,0,Saturday,1,4,상반기,8,6,8,10,7,7,2,0,1,1,0,0,0,0,0,0,0,하위스플릿,상위스플릿,중위권,상위권,1,7,9,2,3,-2
47,2023-04-23,14:00,8,1,광주,강원,0,0,광주 전용,광주 축구 전용경기장,3562,FE,Y,IB SPORTS//쿠팡플레이,일,조지음,흐림,19,43,0,Sunday,1,4,상반기,5,11,12,3,7,7,6,1,0,0,1,0,0,0,1,0,0,상위스플릿,하위스플릿,상위권,강등위기,1,9,3,3,0,6
48,2023-04-23,16:30,8,1,제주,전북,0,2,제주 월드컵,제주 월드컵 경기장,10041,FE,Y,skySports//쿠팡플레이,일,이동준,흐림,18.1,35,0,Sunday,1,4,상반기,9,10,8,7,7,7,1,0,0,1,1,0,0,0,1,0,0,하위스플릿,하위스플릿,중위권,강등위기,0,6,6,2,2,0
49,2023-04-25,19:30,9,1,포항,수원,1,0,포항 스틸야드,포항 스틸야드,3080,FE,Y,JTBC G&S//쿠팡플레이,화,김희곤,비,9,82,0,Tuesday,0,4,상반기,3,12,16,2,8,8,9,1,0,0,1,0,1,0,1,0,0,상위스플릿,하위스플릿,상위권,강등권,1,9,1,2,0,8
50,2023-04-25,19:30,9,1,인천,울산,0,1,인천 전용,인천 축구 전용경기장,5326,FE,Y,skySports//쿠팡플레이,화,박병진,흐리고 비,11,49,0,Tuesday,0,4,상반기,9,1,9,19,8,8,8,0,1,1,0,0,0,0,0,0,1,하위스플릿,상위스플릿,중위권,ACL권,1,5,10,1,3,-5
51,2023-04-26,19:00,9,1,강원,서울,3,2,춘천 송암,춘천 송암 스포츠타운,3640,FE,Y,skySports//쿠팡플레이,수,채상협,맑음,13.3,43,0,Wednesday,0,4,상반기,11,3,4,16,8,8,8,0,1,1,0,0,0,1,0,0,0,하위스플릿,상위스플릿,강등위기,상위권,1,3,10,0,3,-7
52,2023-04-26,19:00,9,1,광주,제주,0,1,광주 전용,광주 축구 전용경기장,2143,FE,Y,GOLF&PBA//쿠팡플레이,수,최현재,맑음,11,55,0,Wednesday,0,4,상반기,5,10,13,8,8,8,5,1,0,0,1,0,0,0,1,0,0,상위스플릿,하위스플릿,상위권,강등위기,1,10,6,3,2,4
53,2023-04-26,19:30,9,1,전북,대전,1,2,전주 월드컵,전주 월드컵 경기장,5067,FE,Y,JTBC G&S//쿠팡플레이,수,김대용,맑음,10,58,0,Wednesday,0,4,상반기,8,4,10,14,8,8,4,0,1,1,0,0,0,0,0,0,0,하위스플릿,상위스플릿,중위권,상위권,1,6,9,2,3,-3
54,2023-04-26,19:30,9,1,수원FC,대구,1,1,수원 종합,수원 종합 운동장,1870,FE,Y,IB SPORTS//쿠팡플레이,수,김종혁,맑음,10.6,57,0,Wednesday,0,4,상반기,6,9,11,9,8,8,3,1,0,0,1,0,0,0,0,0,0,상위스플릿,하위스플릿,상위권,중위권,1,7,7,2,2,0
55,2023-04-29,14:00,10,1,수원FC,서울,0,3,수원 종합,수원 종합 운동장,5806,FE,Y,JTBC G&S//쿠팡플레이,토,김용우,비,13,95,1,Saturday,1,4,상반기,6,4,12,16,9,9,2,1,1,0,0,0,0,0,0,0,0,상위스플릿,상위스플릿,상위권,상위권,0,8,7,2,2,1
56,2023-04-29,16:30,10,1,전북,강원,0,1,전주 월드컵,전주 월드컵 경기장,5685,FE,Y,skySports//쿠팡플레이,토,김영수,흐림,14,92,0,Saturday,1,4,상반기,8,11,10,7,9,9,3,0,0,1,1,0,0,0,1,0,0,하위스플릿,하위스플릿,중위권,강등위기,0,6,5,2,1,1
57,2023-04-30,14:00,10,1,대전,제주,0,3,대전 월드컵,대전 월드컵 경기장,13777,FE,Y,IB SPORTS//쿠팡플레이,일,안재훈,맑음,16.7,51,0,Sunday,1,4,상반기,4,9,17,11,9,9,5,1,0,0,1,0,0,0,0,0,0,상위스플릿,하위스플릿,상위권,중위권,1,9,9,3,3,0
58,2023-04-30,15:00,10,1,포항,인천,0,2,포항 스틸야드,포항 스틸야드,9173,FE,Y,MBC//skySports//쿠팡플레이,일,고형진,맑음,22,27,0,Sunday,1,4,상반기,3,11,19,9,9,9,8,1,0,0,1,0,0,0,1,0,0,상위스플릿,하위스플릿,상위권,강등위기,1,11,5,3,1,6
59,2023-04-30,16:30,10,1,수원,대구,0,1,수원 월드컵,수원 월드컵 경기장,8883,FE,Y,JTBC G&S//쿠팡플레이,일,이동준,맑음,18.1,38,0,Sunday,1,4,상반기,12,9,2,10,9,9,3,0,0,1,1,1,0,1,0,0,0,하위스플릿,하위스플릿,강등권,중위권,0,1,5,0,1,-4
60,2023-04-30,19:00,10,1,울산,광주,2,1,울산 문수,울산 문수 축구경기장,12068,FE,Y,skySports//쿠팡플레이,일,정회수,맑음,21,40,0,Sunday,1,4,상반기,1,5,22,13,9,9,4,1,1,0,0,0,0,0,0,1,0,상위스플릿,상위스플릿,ACL권,상위권,0,10,7,3,2,3
61,2023-05-05,14:00,11,1,대구,울산,0,3,DGB대구은행파크,DGB대구은행파크,11929,FE,Y,skySports//쿠팡플레이,금,신용준,비,19.5,95,0,Friday,0,5,상반기,7,1,13,25,10,10,6,0,1,1,0,0,0,0,0,0,1,하위스플릿,상위스플릿,중위권,ACL권,1,7,10,2,3,-3
62,2023-05-05,14:00,11,1,서울,전북,1,1,서울 월드컵,서울 월드컵 경기장,37008,FE,Y,KBS2//쿠팡플레이,금,김대용,비,19,95,1,Friday,0,5,상반기,2,10,19,10,10,10,8,1,0,0,1,0,0,0,1,1,0,상위스플릿,하위스플릿,ACL권,강등위기,1,10,6,3,2,4
63,2023-05-05,16:30,11,1,인천,수원,0,1,인천 전용,인천 축구 전용경기장,8637,FE,Y,JTBC G&S//쿠팡플레이,금,송민석,흐리고 비,18,96,0,Friday,0,5,상반기,8,12,12,2,10,10,4,0,0,1,1,0,1,0,1,0,0,하위스플릿,하위스플릿,중위권,강등권,0,7,0,2,0,7
64,2023-05-06,14:00,11,1,제주,포항,2,1,제주 월드컵,제주 월드컵 경기장,5261,FE,Y,IB SPORTS//쿠팡플레이,토,정동식,흐림,20.4,83,0,Saturday,1,5,상반기,5,3,14,19,10,10,2,1,1,0,0,0,0,0,0,0,0,상위스플릿,상위스플릿,상위권,상위권,0,12,8,4,2,4
65,2023-05-06,16:30,11,1,수원FC,강원,2,0,수원 종합,수원 종합 운동장,2749,FE,Y,JTBC G&S//쿠팡플레이,토,최현재,흐리고 비,12.7,84,0,Saturday,1,5,상반기,8,11,12,10,10,10,3,0,0,1,1,0,0,0,1,0,0,하위스플릿,하위스플릿,중위권,강등위기,0,8,7,2,2,1
66,2023-05-06,19:00,11,1,광주,대전,0,0,광주 전용,광주 축구 전용경기장,3687,FE,Y,skySports//쿠팡플레이,토,김우성,흐림,17,90,0,Saturday,1,5,상반기,7,4,13,17,10,10,3,0,1,1,0,0,0,0,0,0,0,하위스플릿,상위스플릿,중위권,상위권,1,4,6,1,2,-2
67,2023-05-09,19:00,12,1,울산,강원,1,0,울산 문수,울산 문수 축구경기장,5318,FE,Y,skySports//쿠팡플레이,화,이동준,맑음,22,31,0,Tuesday,0,5,상반기,1,11,28,10,11,11,10,1,0,0,1,0,0,0,1,1,0,상위스플릿,하위스플릿,ACL권,강등위기,1,10,7,3,2,3
68,2023-05-09,19:30,12,1,대구,포항,1,1,DGB대구은행파크,DGB대구은행파크,6943,FE,Y,IB SPORTS//쿠팡플레이,화,김우성,맑음,25.8,23,1,Tuesday,0,5,상반기,8,3,13,19,11,11,5,0,1,1,0,0,0,0,0,0,0,하위스플릿,상위스플릿,중위권,상위권,1,7,5,2,1,2
69,2023-05-09,19:30,12,1,서울,광주,3,1,서울 월드컵,서울 월드컵 경기장,10236,FE,Y,JTBC G&S//쿠팡플레이,화,고형진,맑음,20.3,41,0,Tuesday,0,5,상반기,2,7,20,14,11,11,5,1,0,0,1,0,0,0,0,1,0,상위스플릿,하위스플릿,ACL권,중위권,1,8,5,2,1,3
70,2023-05-10,19:30,12,1,제주,인천,2,0,제주 월드컵,제주 월드컵 경기장,4124,FE,Y,IB SPORTS//쿠팡플레이,수,김종혁,맑음,23.9,31,0,Wednesday,0,5,상반기,5,9,17,12,11,11,4,1,0,0,1,0,0,0,0,0,0,상위스플릿,하위스플릿,상위권,중위권,1,12,7,4,2,5
71,2023-05-10,19:30,12,1,수원,전북,0,3,수원 월드컵,수원 월드컵 경기장,7860,FE,Y,skySports//쿠팡플레이,수,정동식,맑음,22.7,32,1,Wednesday,0,5,상반기,12,10,5,11,11,11,2,0,0,1,1,1,0,1,1,0,0,하위스플릿,하위스플릿,강등권,강등위기,0,3,4,1,1,-1
72,2023-05-10,19:30,12,1,대전,수원FC,2,1,대전 월드컵,대전 월드컵 경기장,8377,FE,Y,JTBC G&S//쿠팡플레이,수,박병진,맑음,24.2,24,0,Wednesday,0,5,상반기,5,6,18,15,11,11,1,1,1,0,0,0,0,0,0,0,0,상위스플릿,상위스플릿,상위권,상위권,0,7,8,2,2,-1
74,2023-05-13,16:30,13,1,광주,대구,0,2,광주 전용,광주 축구 전용경기장,3622,FE,Y,skySports//쿠팡플레이,토,최현재,맑음,23,50,1,Saturday,1,5,상반기,8,9,14,14,12,12,1,0,0,1,1,0,0,0,0,0,0,하위스플릿,하위스플릿,중위권,중위권,0,2,8,0,2,-6
75,2023-05-13,19:00,13,1,강원,수원,0,2,춘천 송암,춘천 송암 스포츠타운,5519,FE,Y,IB SPORTS//쿠팡플레이,토,신용준,흐림,21.8,39,0,Saturday,1,5,상반기,11,12,10,5,12,12,1,0,0,1,1,0,1,1,1,0,0,하위스플릿,하위스플릿,강등위기,강등권,0,7,3,2,1,4
73,2023-05-13,14:00,13,1,포항,대전,3,2,포항 스틸야드,포항 스틸야드,7002,FE,Y,SBS//skySports//쿠팡플레이,토,고형진,맑음,17,60,0,Saturday,1,5,상반기,4,3,20,21,12,12,1,1,1,0,0,0,0,0,0,0,0,상위스플릿,상위스플릿,상위권,상위권,0,5,7,1,2,-2
76,2023-05-14,14:30,13,1,울산,서울,3,2,울산 문수,울산 문수 축구경기장,26004,FE,Y,KBS1//skySports//쿠팡플레이,일,김용우,맑음,23,52,0,Sunday,1,5,상반기,1,2,31,23,12,12,1,1,1,0,0,0,0,0,0,1,1,상위스플릿,상위스플릿,ACL권,ACL권,0,13,10,4,3,3
77,2023-05-14,16:30,13,1,인천,전북,0,0,인천 전용,인천 축구 전용경기장,15738,FE,Y,JTBC G&S//쿠팡플레이,일,김우성,맑음,20.8,45,0,Sunday,1,5,상반기,10,8,12,14,12,12,2,0,0,1,1,0,0,1,0,0,0,하위스플릿,하위스플릿,강등위기,중위권,0,4,7,1,2,-3
78,2023-05-14,19:00,13,1,수원FC,제주,0,5,수원 종합,수원 종합 운동장,3213,FE,Y,JTBC G&S//쿠팡플레이,일,김대용,맑음,22.1,35,0,Sunday,1,5,상반기,8,5,15,20,12,12,3,0,1,1,0,0,0,0,0,0,0,하위스플릿,상위스플릿,중위권,상위권,1,5,12,1,4,-7
79,2023-05-20,16:30,14,1,인천,광주,1,1,인천 전용,인천 축구 전용경기장,6663,FE,Y,skySports//쿠팡플레이,토,김용우,맑음,21.9,55,0,Saturday,1,5,상반기,10,9,13,14,13,13,1,0,0,1,1,0,0,1,0,0,0,하위스플릿,하위스플릿,강등위기,중위권,0,4,1,1,0,3
80,2023-05-20,18:00,14,1,서울,제주,1,1,서울 월드컵,서울 월드컵 경기장,20338,FE,Y,JTBC G&S//쿠팡플레이,토,이동준,맑음,24,52,0,Saturday,1,5,상반기,2,3,23,23,13,13,1,1,1,0,0,0,0,0,0,1,0,상위스플릿,상위스플릿,ACL권,상위권,0,7,15,2,5,-8
81,2023-05-20,19:00,14,1,대전,대구,0,1,대전 월드컵,대전 월드컵 경기장,14275,FE,Y,skySports//쿠팡플레이,토,송민석,맑음,26,49,0,Saturday,1,5,상반기,5,6,21,17,13,13,1,1,1,0,0,0,0,0,0,0,0,상위스플릿,상위스플릿,상위권,상위권,0,7,8,2,2,-1
82,2023-05-21,16:30,14,1,강원,포항,0,0,춘천 송암,춘천 송암 스포츠타운,3495,FE,Y,IB SPORTS//쿠팡플레이,일,김영수,맑음,23.5,38,0,Sunday,1,5,상반기,11,4,10,23,13,13,7,0,1,1,0,0,0,1,0,0,0,하위스플릿,상위스플릿,강등위기,상위권,1,6,7,2,2,-1
83,2023-05-21,18:00,14,1,수원,울산,2,3,수원 월드컵,수원 월드컵 경기장,12639,FE,Y,skySports//쿠팡플레이,일,박병진,맑음,20,59,0,Sunday,1,5,상반기,12,1,8,34,13,13,11,0,1,1,0,1,0,1,0,0,1,하위스플릿,상위스플릿,강등권,ACL권,1,6,15,2,5,-9
84,2023-05-21,19:00,14,1,전북,수원FC,3,1,전주 월드컵,전주 월드컵 경기장,13634,FE,Y,JTBC G&S//쿠팡플레이,일,고형진,맑음,19,71,1,Sunday,1,5,상반기,7,9,15,15,13,13,2,0,0,1,1,0,0,0,0,0,0,하위스플릿,하위스플릿,중위권,중위권,0,5,4,1,1,1
85,2023-05-27,16:30,15,1,제주,수원,2,1,제주 월드컵,제주 월드컵 경기장,6308,FE,Y,skySports//쿠팡플레이,토,최현재,흐림,21,86,0,Saturday,1,5,상반기,3,12,24,8,14,14,9,1,0,0,1,0,1,0,1,0,0,상위스플릿,하위스플릿,상위권,강등권,1,13,6,4,2,7
86,2023-05-27,19:00,15,1,대구,인천,2,2,DGB대구은행파크,DGB대구은행파크,11706,FE,Y,JTBC G&S//쿠팡플레이,토,채상협,흐림,26.3,49,0,Saturday,1,5,상반기,6,10,20,14,14,14,4,1,0,0,1,0,0,0,1,0,0,상위스플릿,하위스플릿,상위권,강등위기,1,10,5,3,1,5
88,2023-05-28,18:00,15,1,수원FC,광주,0,2,수원 종합,수원 종합 운동장,1605,FE,Y,IB SPORTS//쿠팡플레이,일,김대용,비,20,96,0,Sunday,1,5,상반기,10,8,15,15,14,14,2,0,0,1,1,0,0,1,0,0,0,하위스플릿,하위스플릿,강등위기,중위권,0,3,2,1,0,1
89,2023-05-28,19:00,15,1,울산,대전,3,3,울산 문수,울산 문수 축구경기장,17251,FE,Y,skySports//쿠팡플레이,일,정동식,흐림,22.7,81,0,Sunday,1,5,상반기,1,5,37,21,14,14,4,1,1,0,0,0,0,0,0,1,0,상위스플릿,상위스플릿,ACL권,상위권,0,15,4,5,1,11
87,2023-05-28,16:30,15,1,서울,강원,1,0,서울 월드컵,서울 월드컵 경기장,14419,FE,Y,skySports//쿠팡플레이,일,김희곤,흐리고 비,19.1,96,0,Sunday,1,5,상반기,3,11,24,11,14,14,8,1,0,0,1,0,0,0,1,0,0,상위스플릿,하위스플릿,상위권,강등위기,1,8,4,2,1,4
90,2023-05-29,16:30,15,1,포항,전북,1,0,포항 스틸야드,포항 스틸야드,14377,FE,Y,JTBC G&S//쿠팡플레이,월,김우성,비,19,94,0,Monday,0,5,상반기,4,7,24,18,14,14,3,1,0,0,1,0,0,0,0,0,0,상위스플릿,하위스플릿,상위권,중위권,1,5,8,1,2,-3
91,2023-06-03,16:30,16,1,전북,울산,2,0,전주 월드컵,전주 월드컵 경기장,27797,FE,Y,skySports//쿠팡플레이,토,이동준,맑음,27,45,1,Saturday,1,6,상반기,7,1,18,38,15,15,6,0,1,1,0,0,0,0,0,0,1,하위스플릿,상위스플릿,중위권,ACL권,1,8,13,2,4,-5
92,2023-06-03,18:00,16,1,수원,수원FC,1,2,수원 월드컵,수원 월드컵 경기장,13104,FE,Y,JTBC G&S//쿠팡플레이,토,김용우,맑음,25.9,34,1,Saturday,1,6,상반기,12,10,8,15,15,15,2,0,0,1,1,1,0,1,1,0,0,하위스플릿,하위스플릿,강등권,강등위기,0,6,3,2,1,3
93,2023-06-03,19:00,16,1,제주,강원,2,2,제주 월드컵,제주 월드컵 경기장,5616,FE,Y,skySports//쿠팡플레이,토,안재훈,맑음,22,65,0,Saturday,1,6,상반기,3,11,27,11,15,15,8,1,0,0,1,0,0,0,1,0,0,상위스플릿,하위스플릿,상위권,강등위기,1,13,1,4,0,12
94,2023-06-03,19:30,16,1,광주,포항,4,2,광주 전용,광주 축구 전용경기장,3512,FE,Y,IB SPORTS//쿠팡플레이,토,신용준,맑음,23,45,0,Saturday,1,6,상반기,8,4,18,27,15,15,4,0,1,1,0,0,0,0,0,0,0,하위스플릿,상위스플릿,중위권,상위권,1,5,8,1,2,-3
95,2023-06-04,16:30,16,1,대전,인천,1,3,대전 월드컵,대전 월드컵 경기장,13779,FE,Y,skySports//쿠팡플레이,일,김희곤,맑음,28.4,34,0,Sunday,1,6,상반기,5,10,22,15,15,15,5,1,0,0,1,0,0,0,1,0,0,상위스플릿,하위스플릿,상위권,강등위기,1,5,3,1,0,2
96,2023-06-04,19:00,16,1,대구,서울,1,0,DGB대구은행파크,DGB대구은행파크,12056,FE,Y,JTBC G&S//쿠팡플레이,일,박병진,맑음,28.7,28,0,Sunday,1,6,상반기,8,3,21,27,15,15,5,0,1,1,0,0,0,0,0,0,0,하위스플릿,상위스플릿,중위권,상위권,1,8,8,2,2,0
97,2023-06-06,16:30,17,1,수원FC,울산,1,3,수원 종합,수원 종합 운동장,8733,FE,Y,skySports//쿠팡플레이,화,김우성,맑음,24.2,51,0,Tuesday,0,6,상반기,10,1,18,38,16,16,9,0,1,1,0,0,0,1,0,0,1,하위스플릿,상위스플릿,강등위기,ACL권,1,3,10,1,3,-7
98,2023-06-06,18:00,17,1,포항,제주,2,1,포항 스틸야드,포항 스틸야드,8376,FE,Y,JTBC G&S//쿠팡플레이,화,김희곤,맑음,28,40,0,Tuesday,0,6,상반기,4,2,27,28,16,16,2,1,1,0,0,0,0,0,0,0,1,상위스플릿,상위스플릿,상위권,ACL권,0,8,11,2,3,-3
99,2023-06-07,19:00,17,1,전북,대구,1,0,전주 월드컵,전주 월드컵 경기장,8197,FE,Y,skySports//쿠팡플레이,수,정동식,맑음,26,60,0,Wednesday,0,6,상반기,8,7,21,24,16,16,1,0,0,1,1,0,0,0,0,0,0,하위스플릿,하위스플릿,중위권,중위권,0,10,11,3,3,-1
100,2023-06-07,19:00,17,1,광주,수원,2,1,광주 전용,광주 축구 전용경기장,1871,FE,Y,GOLF&PBA//쿠팡플레이,수,채상협,맑음,24,65,0,Wednesday,0,6,상반기,8,12,21,8,16,16,4,0,0,1,1,0,1,0,1,0,0,하위스플릿,하위스플릿,중위권,강등권,0,7,3,2,1,4
101,2023-06-07,19:30,17,1,인천,서울,1,1,인천 전용,인천 축구 전용경기장,7272,FE,Y,JTBC G&S//쿠팡플레이,수,김대용,흐림,20.7,78,1,Wednesday,0,6,상반기,9,4,18,27,16,16,5,0,1,1,0,0,0,0,0,0,0,하위스플릿,상위스플릿,중위권,상위권,1,6,7,1,2,-1
102,2023-06-07,19:30,17,1,강원,대전,1,2,춘천 송암,춘천 송암 스포츠타운,2840,FE,Y,IB SPORTS//쿠팡플레이,수,고형진,흐림,24.9,56,0,Wednesday,0,6,상반기,11,6,12,22,16,16,5,0,1,1,0,0,0,1,0,0,0,하위스플릿,상위스플릿,강등위기,상위권,1,2,4,0,1,-2
103,2023-06-10,16:30,18,1,대구,수원FC,3,1,DGB대구은행파크,DGB대구은행파크,11457,FE,Y,IB SPORTS//쿠팡플레이,토,조지음,맑음,30.1,42,0,Saturday,1,6,상반기,8,10,24,18,17,17,2,0,0,1,1,0,0,0,1,0,0,하위스플릿,하위스플릿,중위권,강등위기,0,10,3,3,1,7
104,2023-06-10,18:00,18,1,울산,제주,5,1,울산 문수,울산 문수 축구경기장,20190,FE,Y,skySports//쿠팡플레이,토,김용우,맑음,25,64,0,Saturday,1,6,상반기,1,4,41,28,17,17,3,1,1,0,0,0,0,0,0,1,0,상위스플릿,상위스플릿,ACL권,상위권,0,10,8,3,2,2
105,2023-06-10,20:00,18,1,대전,광주,1,1,대전 월드컵,대전 월드컵 경기장,8390,FE,Y,skySports//쿠팡플레이,토,이동준,흐림,22.3,69,0,Saturday,1,6,상반기,6,8,25,24,17,17,2,1,0,0,1,0,0,0,0,0,0,상위스플릿,하위스플릿,상위권,중위권,1,4,10,1,3,-6
106,2023-06-11,16:30,18,1,강원,전북,1,2,춘천 송암,춘천 송암 스포츠타운,6114,FE,Y,JTBC G&S//쿠팡플레이,일,신용준,맑음,26.8,50,0,Sunday,1,6,상반기,11,8,12,24,17,17,3,0,0,1,1,0,0,1,0,0,0,하위스플릿,하위스플릿,강등위기,중위권,0,2,10,0,3,-8
107,2023-06-11,18:00,18,1,서울,포항,1,1,서울 월드컵,서울 월드컵 경기장,18108,FE,Y,skySports//쿠팡플레이,일,최현재,맑음,27.2,51,0,Sunday,1,6,상반기,3,2,28,30,17,17,1,1,1,0,0,0,0,0,0,0,1,상위스플릿,상위스플릿,상위권,ACL권,0,5,10,1,3,-5
108,2023-06-11,19:00,18,1,수원,인천,0,0,수원 월드컵,수원 월드컵 경기장,7066,FE,Y,JTBC G&S//쿠팡플레이,일,박병진,맑음,27,50,0,Sunday,1,6,상반기,12,9,8,19,17,17,3,0,0,1,1,1,0,1,0,0,0,하위스플릿,하위스플릿,강등권,중위권,0,3,7,1,1,-4
109,2023-06-24,16:30,19,1,수원,서울,0,1,수원 월드컵,수원 월드컵 경기장,19513,FE,Y,skySports//쿠팡플레이,토,김우성,흐림,30.6,57,1,Saturday,1,6,상반기,12,3,9,29,18,18,9,0,1,1,0,1,0,1,0,0,0,하위스플릿,상위스플릿,강등권,상위권,1,1,6,0,1,-5
110,2023-06-24,18:00,19,1,제주,대전,1,1,제주 월드컵,제주 월드컵 경기장,5755,FE,Y,IB SPORTS//쿠팡플레이,토,정동식,흐림,23.6,80,0,Saturday,1,6,상반기,4,7,28,26,18,18,3,1,0,0,1,0,0,0,0,0,0,상위스플릿,하위스플릿,상위권,중위권,1,5,5,1,1,0
111,2023-06-24,19:00,19,1,광주,전북,2,0,광주 전용,광주 축구 전용경기장,5990,FE,Y,skySports//쿠팡플레이,토,고형진,흐림,26,60,0,Saturday,1,6,상반기,8,5,25,27,18,18,3,0,1,1,0,0,0,0,0,0,0,하위스플릿,상위스플릿,중위권,상위권,1,11,12,3,4,-1
112,2023-06-24,19:30,19,1,울산,대구,3,1,울산 문수,울산 문수 축구경기장,20070,FE,Y,JTBC G&S//쿠팡플레이,토,송민석,흐림,23.3,70,0,Saturday,1,6,상반기,1,7,44,27,18,18,6,1,0,0,1,0,0,0,0,1,0,상위스플릿,하위스플릿,ACL권,중위권,1,10,10,3,3,0
113,2023-06-25,16:30,19,1,인천,포항,0,1,인천 전용,인천 축구 전용경기장,9367,FE,Y,skySports//쿠팡플레이,일,김희곤,맑음,30,59,0,Sunday,1,6,상반기,9,3,20,31,18,18,6,0,1,1,0,0,0,0,0,0,0,하위스플릿,상위스플릿,중위권,상위권,1,7,8,1,2,-1
114,2023-06-25,19:00,19,1,수원FC,강원,1,1,수원 종합,수원 종합 운동장,3173,FE,Y,JTBC G&S//쿠팡플레이,일,김대용,흐림,31.1,48,0,Sunday,1,6,상반기,10,11,18,12,18,18,1,0,0,1,1,0,0,1,1,0,0,하위스플릿,하위스플릿,강등위기,강등위기,0,3,2,1,0,1
115,2023-07-01,18:00,20,1,전북,제주,2,0,전주 월드컵,전주 월드컵 경기장,12175,FE,Y,JTBC G&S//쿠팡플레이,토,조지음,맑음,30,67,0,Saturday,1,7,하반기,8,4,27,29,19,19,4,0,1,1,0,0,0,0,0,0,0,하위스플릿,상위스플릿,중위권,상위권,1,9,5,3,1,4
116,2023-07-01,19:00,20,1,대구,수원,1,1,DGB대구은행파크,DGB대구은행파크,12175,FE,Y,IB SPORTS//쿠팡플레이,토,정동식,맑음,31.4,52,0,Saturday,1,7,하반기,8,12,27,9,19,19,4,0,0,1,1,0,1,0,1,0,0,하위스플릿,하위스플릿,중위권,강등권,0,7,1,2,0,6
117,2023-07-01,19:30,20,1,서울,대전,0,0,서울 월드컵,서울 월드컵 경기장,22637,FE,Y,skySports//쿠팡플레이,토,박병진,맑음,28.7,71,0,Saturday,1,7,하반기,3,7,32,27,19,19,4,1,0,0,1,0,0,0,0,0,0,상위스플릿,하위스플릿,상위권,중위권,1,8,6,2,1,2
118,2023-07-02,18:00,20,1,광주,울산,0,1,광주 전용,광주 축구 전용경기장,5982,FE,Y,skySports//쿠팡플레이,일,신용준,맑음,30,70,0,Sunday,1,7,하반기,6,1,28,47,19,19,5,1,1,0,0,0,0,0,0,0,1,상위스플릿,상위스플릿,상위권,ACL권,0,13,10,4,3,3
119,2023-07-02,19:00,20,1,포항,수원FC,3,1,포항 스틸야드,포항 스틸야드,5441,FE,Y,JTBC G&S//쿠팡플레이,일,김용우,맑음,28,63,0,Sunday,1,7,하반기,2,10,34,19,19,19,8,1,0,0,1,0,0,0,1,1,0,상위스플릿,하위스플릿,ACL권,강등위기,1,10,4,3,1,6
120,2023-07-02,20:00,20,1,인천,강원,1,0,인천 전용,인천 축구 전용경기장,5076,FE,Y,skySports//쿠팡플레이,일,최현재,맑음,28.1,76,0,Sunday,1,7,하반기,9,11,20,13,19,19,2,0,0,1,1,0,0,0,1,0,0,하위스플릿,하위스플릿,중위권,강등위기,0,6,2,1,0,4
121,2023-07-07,19:30,21,1,제주,대구,1,2,제주 월드컵,제주 월드컵 경기장,4210,FE,Y,skySports//쿠팡플레이,금,김우성,흐림,24.5,99,0,Friday,0,7,하반기,5,8,29,28,20,20,3,1,0,0,1,0,0,0,0,0,0,상위스플릿,하위스플릿,상위권,중위권,1,2,7,0,2,-5
122,2023-07-07,19:30,21,1,강원,광주,1,1,강릉 종합,강릉 종합 운동장,7006,FE,Y,JTBC G&S//쿠팡플레이,금,고형진,맑음,28.5,48,0,Friday,0,7,하반기,11,7,13,28,20,20,4,0,0,1,1,0,0,1,0,0,0,하위스플릿,하위스플릿,강등위기,중위권,0,2,10,0,3,-8
123,2023-07-08,18:00,21,1,포항,울산,0,1,포항 스틸야드,포항 스틸야드,14486,FE,Y,skySports//쿠팡플레이,토,김종혁,흐림,23,85,1,Saturday,1,7,하반기,2,1,37,50,20,20,1,1,1,0,0,0,0,0,0,1,1,상위스플릿,상위스플릿,ACL권,ACL권,0,10,12,3,4,-2
124,2023-07-08,19:00,21,1,수원FC,인천,2,2,수원 종합,수원 종합 운동장,4782,FE,Y,IB SPORTS//쿠팡플레이,토,이동준,흐림,28,70,0,Saturday,1,7,하반기,10,9,19,23,20,20,1,0,0,1,1,0,0,1,0,0,0,하위스플릿,하위스플릿,강등위기,중위권,0,4,8,1,2,-4
125,2023-07-08,19:30,21,1,전북,서울,2,1,전주 월드컵,전주 월드컵 경기장,21139,FE,Y,JTBC G&S//쿠팡플레이,토,김대용,흐림,28,78,1,Saturday,1,7,하반기,5,3,30,33,20,20,2,1,1,0,0,0,0,0,0,0,0,상위스플릿,상위스플릿,상위권,상위권,0,12,6,4,1,6
126,2023-07-09,19:00,21,1,대전,수원,2,2,대전 월드컵,대전 월드컵 경기장,13685,FE,Y,JTBC G&S//쿠팡플레이,일,김영수,흐림,29.4,76,0,Sunday,1,7,하반기,8,12,28,10,20,20,4,0,0,1,1,0,1,0,1,0,0,하위스플릿,하위스플릿,중위권,강등권,0,6,2,1,0,4
127,2023-07-11,19:00,22,1,대구,강원,0,0,DGB대구은행파크,DGB대구은행파크,7929,FE,Y,JTBC G&S//쿠팡플레이,화,정회수,비,24.5,86,0,Tuesday,0,7,하반기,5,11,31,14,21,21,6,1,0,0,1,0,0,0,1,0,0,상위스플릿,하위스플릿,상위권,강등위기,1,7,2,2,0,5
128,2023-07-11,19:30,22,1,제주,광주,0,0,제주 월드컵,제주 월드컵 경기장,3280,FE,Y,skySports//쿠팡플레이,화,김종혁,흐림,26,89,0,Tuesday,0,7,하반기,7,6,29,29,21,21,1,0,1,1,0,0,0,0,0,0,0,하위스플릿,상위스플릿,중위권,상위권,1,1,8,0,2,-7
130,2023-07-12,19:30,22,1,수원,포항,1,1,수원 월드컵,수원 월드컵 경기장,4727,FE,Y,GOLF&PBA//쿠팡플레이,수,신용준,흐림,28,70,0,Wednesday,0,7,하반기,12,2,11,37,21,21,10,0,1,1,0,1,0,1,0,0,1,하위스플릿,상위스플릿,강등권,ACL권,1,3,10,0,3,-7
129,2023-07-12,19:00,22,1,울산,인천,1,2,울산 문수,울산 문수 축구경기장,8353,FE,Y,skySports//쿠팡플레이,수,안재훈,맑음,29.3,68,0,Wednesday,0,7,하반기,1,9,53,24,21,21,8,1,0,0,1,0,0,0,0,1,0,상위스플릿,하위스플릿,ACL권,중위권,1,15,6,5,1,9
132,2023-07-12,19:30,22,1,서울,수원FC,7,2,서울 월드컵,서울 월드컵 경기장,10407,FE,Y,JTBC G&S//쿠팡플레이,수,김희곤,흐림,26.2,85,1,Wednesday,0,7,하반기,3,10,33,20,21,21,7,1,0,0,1,0,0,0,1,0,0,상위스플릿,하위스플릿,상위권,강등위기,1,6,2,1,0,4
131,2023-07-12,19:30,22,1,대전,전북,2,2,대전 월드컵,대전 월드컵 경기장,20592,FE,Y,IB SPORTS//쿠팡플레이,수,채상협,맑음,30.4,61,0,Wednesday,0,7,하반기,8,4,29,33,21,21,4,0,1,1,0,0,0,0,0,0,0,하위스플릿,상위스플릿,중위권,상위권,1,7,12,1,4,-5
133,2023-07-15,19:00,23,1,수원,울산,3,1,수원 월드컵,수원 월드컵 경기장,9946,FE,Y,skySports//쿠팡플레이,토,최현재,흐리고 비,25,90,0,Saturday,1,7,하반기,12,1,12,53,22,22,11,0,1,1,0,1,0,1,0,0,1,하위스플릿,상위스플릿,강등권,ACL권,1,4,12,0,4,-8
134,2023-07-15,19:30,23,1,강원,서울,1,1,강릉 종합,강릉 종합 운동장,7203,FE,Y,JTBC G&S//쿠팡플레이,토,정동식,흐림,25.6,87,0,Saturday,1,7,하반기,12,3,15,36,22,22,9,0,1,1,0,1,0,1,0,0,0,하위스플릿,상위스플릿,강등권,상위권,1,3,8,0,2,-5
135,2023-07-15,20:00,23,1,광주,대구,1,1,광주 전용,광주 축구 전용경기장,2851,FE,Y,IB SPORTS//쿠팡플레이,토,이동준,비,25,95,1,Saturday,1,7,하반기,6,5,30,32,22,22,1,1,1,0,0,0,0,0,0,0,0,상위스플릿,상위스플릿,상위권,상위권,0,6,8,1,2,-2
136,2023-07-16,19:00,23,1,전북,수원FC,1,0,전주 월드컵,전주 월드컵 경기장,10905,FE,Y,JTBC G&S//쿠팡플레이,일,박병진,흐림,28,71,1,Sunday,1,7,하반기,4,10,34,20,22,22,6,1,0,0,1,0,0,0,1,0,0,상위스플릿,하위스플릿,상위권,강등위기,1,10,2,3,0,8
137,2023-07-16,19:30,23,1,포항,제주,4,2,포항 스틸야드,포항 스틸야드,4422,FE,Y,skySports//쿠팡플레이,일,고형진,흐리고 비,26,82,0,Sunday,1,7,하반기,2,7,38,30,22,22,5,1,0,0,1,0,0,0,0,1,0,상위스플릿,하위스플릿,ACL권,중위권,1,8,2,2,0,6
138,2023-07-16,20:00,23,1,인천,대전,2,0,인천 전용,인천 축구 전용경기장,8925,FE,Y,IB SPORTS//쿠팡플레이,일,송민석,흐림,24,91,0,Sunday,1,7,하반기,9,7,27,30,22,22,2,0,0,1,1,0,0,0,0,0,0,하위스플릿,하위스플릿,중위권,중위권,0,8,5,2,0,3
139,2023-07-21,19:30,24,1,울산,제주,2,1,울산 문수,울산 문수 축구경기장,13073,FE,Y,skySports//쿠팡플레이,금,김희곤,맑음,27.8,59,0,Friday,0,7,하반기,1,7,53,30,23,23,6,1,0,0,1,0,0,0,0,1,0,상위스플릿,하위스플릿,ACL권,중위권,1,9,2,3,0,7
140,2023-07-21,19:30,24,1,포항,전북,2,1,포항 스틸야드,포항 스틸야드,9055,FE,Y,JTBC G&S//쿠팡플레이,금,김용우,맑음,24,82,0,Friday,0,7,하반기,2,4,41,37,23,23,2,1,1,0,0,0,0,0,0,1,0,상위스플릿,상위스플릿,ACL권,상위권,0,10,10,3,3,0
141,2023-07-22,19:00,24,1,수원FC,광주,0,1,수원 종합,수원 종합 운동장,2083,FE,Y,쿠팡플레이//채널A플러스,토,채상협,비,28,70,0,Saturday,1,7,하반기,10,8,20,31,23,23,2,0,0,1,1,0,0,1,0,0,0,하위스플릿,하위스플릿,강등위기,중위권,0,2,6,0,1,-4
142,2023-07-22,19:30,24,1,강원,수원,1,2,강릉 종합,강릉 종합 운동장,11084,FE,Y,JTBC G&S//쿠팡플레이,토,김종혁,흐림,29.8,67,0,Saturday,1,7,하반기,11,12,16,15,23,23,1,0,0,1,1,0,1,1,1,0,0,하위스플릿,하위스플릿,강등위기,강등권,0,4,6,0,1,-2
143,2023-07-22,19:30,24,1,서울,인천,0,1,서울 월드컵,서울 월드컵 경기장,18150,FE,Y,skySports//쿠팡플레이,토,김우성,흐리고 비,27,78,1,Saturday,1,7,하반기,3,8,37,30,23,23,5,1,0,0,1,0,0,0,0,0,0,상위스플릿,하위스플릿,상위권,중위권,1,8,10,2,3,-2
144,2023-07-22,20:00,24,1,대전,대구,1,0,대전 월드컵,대전 월드컵 경기장,10473,FE,Y,IB SPORTS//쿠팡플레이,토,김대용,흐리고 비,23.9,92,0,Saturday,1,7,하반기,9,5,30,33,23,23,4,0,1,1,0,0,0,0,0,0,0,하위스플릿,상위스플릿,중위권,상위권,1,4,6,0,1,-2
145,2023-08-04,19:30,25,1,서울,포항,2,2,서울 월드컵,서울 월드컵 경기장,15016,FE,Y,skySports//쿠팡플레이,금,정동식,맑음,31,66,0,Friday,0,8,하반기,3,2,37,44,24,24,1,1,1,0,0,0,0,0,0,0,1,상위스플릿,상위스플릿,상위권,ACL권,0,5,10,1,3,-5
146,2023-08-04,19:30,25,1,광주,대전,3,0,광주 전용,광주 축구 전용경기장,3752,FE,Y,IB SPORTS//쿠팡플레이,금,박병진,맑음,30,73,0,Friday,0,8,하반기,5,8,34,33,24,24,3,1,0,0,1,0,0,0,0,0,0,상위스플릿,하위스플릿,상위권,중위권,1,6,6,1,1,0
147,2023-08-05,19:00,25,1,수원,수원FC,0,2,수원 월드컵,수원 월드컵 경기장,17481,FE,Y,skySports//쿠팡플레이,토,김대용,맑음,32.6,56,1,Saturday,1,8,하반기,11,10,18,20,24,24,1,0,0,1,1,0,0,1,1,0,0,하위스플릿,하위스플릿,강등위기,강등위기,0,9,1,2,0,8
148,2023-08-05,19:30,25,1,대구,울산,0,0,DGB대구은행파크,DGB대구은행파크,11928,FE,Y,JTBC G&S//쿠팡플레이,토,신용준,맑음,35.9,43,0,Saturday,1,8,하반기,6,1,33,56,24,24,5,1,1,0,0,0,0,0,0,0,1,상위스플릿,상위스플릿,상위권,ACL권,0,6,9,1,3,-3
149,2023-08-06,19:00,25,1,전북,인천,2,0,전주 월드컵,전주 월드컵 경기장,10327,FE,Y,JTBC G&S//쿠팡플레이,일,채상협,비,32,65,0,Sunday,1,8,하반기,4,7,37,33,24,24,3,1,0,0,1,0,0,0,0,0,0,상위스플릿,하위스플릿,상위권,중위권,1,10,13,3,4,-3
150,2023-08-06,19:30,25,1,제주,강원,1,1,제주 월드컵,제주 월드컵 경기장,4331,FE,Y,skySports//쿠팡플레이,일,고형진,맑음,31,72,0,Sunday,1,8,하반기,9,12,30,16,24,24,3,0,0,1,1,0,1,0,1,0,0,하위스플릿,하위스플릿,중위권,강등권,0,1,3,0,0,-2
151,2023-08-12,19:00,26,1,전북,수원,1,1,전주 월드컵,전주 월드컵 경기장,14216,FE,Y,skySports//쿠팡플레이,토,이동준,흐림,28,72,1,Saturday,1,8,하반기,3,11,40,18,25,25,8,1,0,0,1,0,0,0,1,0,0,상위스플릿,하위스플릿,상위권,강등위기,1,10,8,3,2,2
152,2023-08-12,19:30,26,1,강원,울산,2,0,강릉 종합,강릉 종합 운동장,8369,FE,Y,JTBC G&S//쿠팡플레이,토,김영수,흐림,24.1,83,0,Saturday,1,8,하반기,12,1,17,57,25,25,11,0,1,1,0,1,0,1,0,0,1,하위스플릿,상위스플릿,강등권,ACL권,1,4,7,0,2,-3
153,2023-08-12,20:00,26,1,제주,수원FC,3,0,제주 월드컵,제주 월드컵 경기장,5443,FE,Y,IB SPORTS//쿠팡플레이,토,김용우,흐림,24.8,85,0,Saturday,1,8,하반기,9,10,31,23,25,25,1,0,0,1,1,0,0,0,1,0,0,하위스플릿,하위스플릿,중위권,강등위기,0,2,4,0,1,-2
154,2023-08-13,19:00,26,1,대전,서울,4,3,대전 월드컵,대전 월드컵 경기장,13290,FE,Y,JTBC G&S//쿠팡플레이,일,김종혁,맑음,31.1,64,0,Sunday,1,8,하반기,9,4,33,38,25,25,5,0,1,1,0,0,0,0,0,0,0,하위스플릿,상위스플릿,중위권,상위권,1,5,5,1,1,0
155,2023-08-13,19:30,26,1,인천,대구,3,1,인천 전용,인천 축구 전용경기장,9349,FE,Y,IB SPORTS//쿠팡플레이,일,김희곤,맑음,29,70,0,Sunday,1,8,하반기,9,8,33,34,25,25,1,0,0,1,1,0,0,0,0,0,0,하위스플릿,하위스플릿,중위권,중위권,0,10,6,3,1,4
156,2023-08-13,20:00,26,1,포항,광주,1,1,포항 스틸야드,포항 스틸야드,7206,FE,Y,skySports//쿠팡플레이,일,김우성,맑음,25,81,0,Sunday,1,8,하반기,2,5,45,37,25,25,3,1,1,0,0,0,0,0,0,1,0,상위스플릿,상위스플릿,ACL권,상위권,0,8,9,2,2,-1
157,2023-08-18,19:30,27,1,수원,제주,1,0,수원 월드컵,수원 월드컵 경기장,7258,FE,Y,skySports//쿠팡플레이,금,고형진,흐림,31,60,0,Friday,0,8,하반기,12,8,19,34,26,26,4,0,0,1,1,1,0,1,0,0,0,하위스플릿,하위스플릿,강등권,중위권,0,8,5,2,1,3
158,2023-08-18,19:30,27,1,인천,광주,2,2,인천 전용,인천 축구 전용경기장,5870,FE,Y,JTBC G&S//쿠팡플레이,금,김종혁,맑음,30.2,66,0,Friday,0,8,하반기,6,5,36,38,26,26,1,1,1,0,0,0,0,0,0,0,0,상위스플릿,상위스플릿,상위권,상위권,0,12,9,4,2,3
159,2023-08-19,19:00,27,1,울산,전북,1,0,울산 문수,울산 문수 축구경기장,30756,FE,Y,skySports//쿠팡플레이,토,정동식,흐림,26.4,86,1,Saturday,1,8,하반기,1,3,57,41,26,26,2,1,1,0,0,0,0,0,0,1,0,상위스플릿,상위스플릿,ACL권,상위권,0,4,8,1,2,-4
160,2023-08-19,19:00,27,1,강원,수원FC,1,2,강릉 종합,강릉 종합 운동장,10503,FE,Y,IB SPORTS//쿠팡플레이,토,송민석,맑음,28.1,76,0,Saturday,1,8,하반기,12,10,20,23,26,26,2,0,0,1,1,1,0,1,1,0,0,하위스플릿,하위스플릿,강등권,강등위기,0,6,3,1,1,3
161,2023-08-19,19:30,27,1,서울,대구,2,2,서울 월드컵,서울 월드컵 경기장,17800,FE,Y,JTBC G&S//쿠팡플레이,토,조지음,맑음,32,52,0,Saturday,1,8,하반기,5,9,38,34,26,26,4,1,0,0,1,0,0,0,0,0,0,상위스플릿,하위스플릿,상위권,중위권,1,5,3,1,0,2
162,2023-08-20,19:00,27,1,포항,대전,4,3,포항 스틸야드,포항 스틸야드,7287,FE,Y,JTBC G&S//쿠팡플레이,일,정회수,맑음,27,81,0,Sunday,1,8,하반기,2,7,46,36,26,26,5,1,0,0,1,0,0,0,0,1,0,상위스플릿,하위스플릿,ACL권,중위권,1,9,7,2,2,2
163,2023-08-25,19:00,28,1,수원FC,인천,1,2,수원 종합,수원 종합 운동장,3236,FE,Y,skySports//쿠팡플레이,금,채상협,맑음,28.4,62,0,Friday,0,8,하반기,10,6,26,37,27,27,4,0,1,1,0,0,0,1,0,0,0,하위스플릿,상위스플릿,강등위기,상위권,1,6,10,2,3,-4
164,2023-08-25,19:30,28,1,전북,대전,1,1,전주 월드컵,전주 월드컵 경기장,11224,FE,Y,JTBC G&S//쿠팡플레이,금,김희곤,맑음,28,61,0,Friday,0,8,하반기,3,7,41,36,27,27,4,1,0,0,1,0,0,0,0,0,0,상위스플릿,하위스플릿,상위권,중위권,1,7,6,2,2,1
165,2023-08-26,19:00,28,1,대구,제주,1,0,DGB대구은행파크,DGB대구은행파크,12136,FE,Y,skySports//쿠팡플레이,토,이동준,맑음,31.8,42,0,Saturday,1,8,하반기,8,9,35,34,27,27,1,0,0,1,1,0,0,0,0,0,0,하위스플릿,하위스플릿,중위권,중위권,0,3,4,0,1,-1
166,2023-08-26,19:30,28,1,강원,포항,1,1,강릉 종합,강릉 종합 운동장,9063,FE,Y,JTBC G&S//쿠팡플레이,토,김대용,맑음,28.4,58,0,Saturday,1,8,하반기,12,2,20,49,27,27,10,0,1,1,0,1,0,1,0,0,1,하위스플릿,상위스플릿,강등권,ACL권,1,5,11,1,3,-6
167,2023-08-27,19:00,28,1,서울,울산,2,2,서울 월드컵,서울 월드컵 경기장,27051,FE,Y,skySports//쿠팡플레이,일,김용우,흐림,29.2,60,0,Sunday,1,8,하반기,5,1,39,60,27,27,4,1,1,0,0,0,0,0,0,0,1,상위스플릿,상위스플릿,상위권,ACL권,0,3,7,0,2,-4
168,2023-08-27,19:30,28,1,광주,수원,4,0,광주 전용,광주 축구 전용경기장,5014,FE,Y,IB SPORTS//쿠팡플레이,일,정동식,흐림,27,83,0,Sunday,1,8,하반기,6,11,39,22,27,27,5,1,0,0,1,0,0,0,1,0,0,상위스플릿,하위스플릿,상위권,강등위기,1,9,10,2,3,-1
169,2023-09-01,19:00,29,1,대전,수원FC,0,1,대전 월드컵,대전 월드컵 경기장,9955,FE,Y,skySports//쿠팡플레이,금,김대용,맑음,28.6,47,0,Friday,0,9,하반기,8,10,37,26,28,28,2,0,0,1,1,0,0,0,1,0,0,하위스플릿,하위스플릿,중위권,강등위기,0,7,6,2,2,1
170,2023-09-01,19:30,29,1,대구,강원,1,0,DGB대구은행파크,DGB대구은행파크,9806,FE,Y,IB SPORTS//쿠팡플레이,금,김종혁,흐림,28.9,57,0,Friday,0,9,하반기,7,12,38,21,28,28,5,0,0,1,1,0,1,0,1,0,0,하위스플릿,하위스플릿,중위권,강등권,0,5,5,1,1,0
171,2023-09-02,16:30,29,1,수원,서울,0,1,수원 월드컵,수원 월드컵 경기장,22882,FE,Y,skySports//쿠팡플레이,토,고형진,맑음,30,40,1,Saturday,1,9,하반기,11,6,22,40,28,28,5,0,1,1,0,0,0,1,0,0,0,하위스플릿,상위스플릿,강등위기,상위권,1,7,3,2,0,4
172,2023-09-02,19:00,29,1,인천,포항,0,2,인천 전용,인천 축구 전용경기장,12134,FE,Y,JTBC G&S//쿠팡플레이,토,김희곤,맑음,28.5,58,0,Saturday,1,9,하반기,7,2,40,50,28,28,5,0,1,1,0,0,0,0,0,0,1,하위스플릿,상위스플릿,중위권,ACL권,1,10,9,3,2,1
173,2023-09-03,16:30,29,1,울산,광주,0,2,울산 문수,울산 문수 축구경기장,18358,FE,Y,JTBC G&S//쿠팡플레이,일,채상협,맑음,28,75,0,Sunday,1,9,하반기,1,5,61,42,28,28,4,1,1,0,0,0,0,0,0,1,0,상위스플릿,상위스플릿,ACL권,상위권,0,8,11,2,3,-3
174,2023-09-03,19:00,29,1,제주,전북,0,0,제주 월드컵,제주 월드컵 경기장,8104,FE,Y,skySports//쿠팡플레이,일,김우성,맑음,28.1,76,0,Sunday,1,9,하반기,9,5,34,42,28,28,4,0,1,1,0,0,0,0,0,0,0,하위스플릿,상위스플릿,중위권,상위권,1,4,5,1,1,-1
175,2023-09-16,14:00,30,1,전북,강원,1,3,전주 월드컵,전주 월드컵 경기장,10620,FE,Y,JTBC G&S//쿠팡플레이,토,정동식,비,28,72,0,Saturday,1,9,하반기,5,12,43,21,29,29,7,1,0,0,1,0,1,0,1,0,0,상위스플릿,하위스플릿,상위권,강등권,1,6,5,1,1,1
176,2023-09-16,14:00,30,1,인천,제주,2,1,인천 전용,인천 축구 전용경기장,8433,FE,Y,skySports//쿠팡플레이,토,김영수,흐림,26.4,79,0,Saturday,1,9,하반기,7,9,40,35,29,29,2,0,0,1,1,0,0,0,0,0,0,하위스플릿,하위스플릿,중위권,중위권,0,7,5,2,1,2
177,2023-09-16,16:30,30,1,포항,수원FC,2,0,포항 스틸야드,포항 스틸야드,7469,FE,Y,쿠팡플레이//IB스포츠,토,김용우,비,25,92,0,Saturday,1,9,하반기,2,10,53,29,29,29,8,1,0,0,1,0,0,0,1,1,0,상위스플릿,하위스플릿,ACL권,강등위기,1,9,9,2,3,0
178,2023-09-16,19:00,30,1,울산,대전,1,1,울산 문수,울산 문수 축구경기장,17237,FE,Y,skySports//쿠팡플레이,토,이동준,비,23.7,94,0,Saturday,1,9,하반기,1,8,61,37,29,29,7,1,0,0,1,0,0,0,0,1,0,상위스플릿,하위스플릿,ACL권,중위권,1,5,4,1,1,1
179,2023-09-17,14:00,30,1,서울,광주,0,1,서울 월드컵,서울 월드컵 경기장,20165,FE,Y,skySports//쿠팡플레이,일,안재훈,흐림,25.8,84,0,Sunday,1,9,하반기,4,3,43,45,29,29,1,1,1,0,0,0,0,0,0,0,0,상위스플릿,상위스플릿,상위권,상위권,0,6,11,1,3,-5
180,2023-09-17,16:30,30,1,수원,대구,0,1,수원 월드컵,수원 월드컵 경기장,11048,FE,Y,JTBC G&S//쿠팡플레이,일,정회수,흐림,28.6,62,0,Sunday,1,9,하반기,12,7,22,41,29,29,5,0,0,1,1,1,0,1,0,0,0,하위스플릿,하위스플릿,강등권,중위권,0,4,8,1,2,-4
181,2023-09-23,14:00,31,1,대전,수원,3,1,대전 월드컵,대전 월드컵 경기장,14810,FE,Y,JTBC G&S//쿠팡플레이,토,송민석,흐림,23.5,51,0,Saturday,1,9,하반기,8,12,38,22,30,30,4,0,0,1,1,0,1,0,1,0,0,하위스플릿,하위스플릿,중위권,강등권,0,5,4,1,1,1
182,2023-09-23,16:30,31,1,제주,서울,1,3,제주 월드컵,제주 월드컵 경기장,7205,FE,Y,skySports//쿠팡플레이,토,박병진,흐림,24,67,0,Saturday,1,9,하반기,9,5,35,43,30,30,4,0,1,1,0,0,0,0,0,0,0,하위스플릿,상위스플릿,중위권,상위권,1,4,5,1,1,-1
183,2023-09-24,14:00,31,1,수원FC,울산,2,3,수원 종합,수원 종합 운동장,7809,FE,Y,JTBC G&S//쿠팡플레이,일,김종혁,맑음,24.3,43,0,Sunday,1,9,하반기,10,1,29,62,30,30,9,0,1,1,0,0,0,1,0,0,1,하위스플릿,상위스플릿,강등위기,ACL권,1,6,5,2,1,1
184,2023-09-24,14:00,31,1,광주,전북,0,1,광주 전용,광주 축구 전용경기장,7303,FE,Y,skySports//쿠팡플레이,일,김영수,맑음,27,45,0,Sunday,1,9,하반기,3,6,48,43,30,30,3,1,1,0,0,0,0,0,0,0,0,상위스플릿,상위스플릿,상위권,상위권,0,11,3,3,0,8
185,2023-09-24,16:30,31,1,강원,인천,1,1,강릉 종합,강릉 종합 운동장,10047,FE,Y,IB SPORTS//쿠팡플레이,일,이동준,맑음,22.6,56,0,Sunday,1,9,하반기,11,7,24,43,30,30,4,0,0,1,1,0,0,1,0,0,0,하위스플릿,하위스플릿,강등위기,중위권,0,7,10,2,3,-3
186,2023-09-24,19:00,31,1,대구,포항,0,0,DGB대구은행파크,DGB대구은행파크,11858,FE,Y,skySports//쿠팡플레이,일,고형진,맑음,23,50,1,Sunday,1,9,하반기,6,2,44,56,30,30,4,1,1,0,0,0,0,0,0,0,1,상위스플릿,상위스플릿,상위권,ACL권,0,10,11,3,3,-1
187,2023-09-30,14:00,32,1,포항,울산,0,0,포항 스틸야드,포항 스틸야드,14640,FE,Y,JTBC G&S//쿠팡플레이,토,이동준,맑음,17,65,1,Saturday,1,9,하반기,2,1,57,65,31,31,1,1,1,0,0,0,0,0,0,1,1,상위스플릿,상위스플릿,ACL권,ACL권,0,11,8,3,2,3
188,2023-09-30,14:00,32,1,수원FC,서울,1,1,수원 종합,수원 종합 운동장,7194,FE,Y,skySports//쿠팡플레이,토,정회수,흐리고 비,19,70,1,Saturday,1,9,하반기,10,6,29,46,31,31,4,0,1,1,0,0,0,1,0,0,0,하위스플릿,상위스플릿,강등위기,상위권,1,6,8,2,2,-2
189,2023-09-30,16:30,32,1,전북,대구,1,3,전주 월드컵,전주 월드컵 경기장,14963,FE,Y,skySports//쿠팡플레이,토,최광호,맑음,23,59,0,Saturday,1,9,하반기,6,7,46,45,31,31,1,1,0,0,1,0,0,0,0,0,0,상위스플릿,하위스플릿,상위권,중위권,1,5,11,1,3,-6
190,2023-09-30,19:00,32,1,인천,수원,2,0,인천 전용,인천 축구 전용경기장,15040,FE,Y,skySports//쿠팡플레이,토,정동식,맑음,22,75,0,Saturday,1,9,하반기,7,12,44,22,31,31,5,0,0,1,1,0,1,0,1,0,0,하위스플릿,하위스플릿,중위권,강등권,0,8,3,2,1,5
191,2023-10-01,14:00,32,1,강원,대전,1,1,강릉 종합,강릉 종합 운동장,9326,FE,Y,JTBC G&S//쿠팡플레이,일,박병진,맑음,21.3,49,0,Sunday,1,10,하반기,11,8,25,41,31,31,3,0,0,1,1,0,0,1,0,0,0,하위스플릿,하위스플릿,강등위기,중위권,0,5,5,1,1,0
192,2023-10-01,16:30,32,1,제주,광주,1,2,제주 월드컵,제주 월드컵 경기장,6130,FE,Y,IB SPORTS//쿠팡플레이,일,김용우,맑음,23.7,50,0,Sunday,1,10,하반기,9,3,35,48,31,31,6,0,1,1,0,0,0,0,0,0,0,하위스플릿,상위스플릿,중위권,상위권,1,1,10,0,3,-9
193,2023-10-08,15:00,33,1,울산,인천,0,0,울산 문수,울산 문수 축구경기장,17584,FE,Y,JTBC G&S//쿠팡플레이,일,김우성,흐림,18.8,66,0,Sunday,1,10,하반기,1,6,66,47,32,32,5,1,1,0,0,0,0,0,0,1,0,상위스플릿,상위스플릿,ACL권,상위권,0,6,10,1,3,-4
194,2023-10-08,15:00,33,1,대구,수원FC,2,2,DGB대구은행파크,DGB대구은행파크,10776,FE,Y,생활체육TV//BALL TV//쿠팡플레이,일,이동준,흐림,20.3,49,0,Sunday,1,10,하반기,4,10,48,30,32,32,6,1,0,0,1,0,0,0,1,0,0,상위스플릿,하위스플릿,상위권,강등위기,1,13,4,4,1,9
195,2023-10-08,15:00,33,1,서울,전북,0,2,서울 월드컵,서울 월드컵 경기장,33103,FE,Y,skySports//쿠팡플레이,일,김종혁,흐림,17.5,68,1,Sunday,1,10,하반기,6,7,47,46,32,32,1,1,0,0,1,0,0,0,0,0,0,상위스플릿,하위스플릿,상위권,중위권,1,8,5,2,1,3
196,2023-10-08,15:00,33,1,수원,포항,1,0,수원 월드컵,수원 월드컵 경기장,11772,FE,Y,GOLF&PBA//쿠팡플레이,일,김대용,흐림,19.9,59,0,Sunday,1,10,하반기,12,2,22,58,32,32,10,0,1,1,0,1,0,1,0,0,1,하위스플릿,상위스플릿,강등권,ACL권,1,0,9,0,2,-9
197,2023-10-08,15:00,33,1,광주,강원,1,0,광주 전용,광주 축구 전용경기장,6004,FE,Y,쿠팡플레이//채널A플러스,일,채상협,맑음,22,50,0,Sunday,1,10,하반기,3,11,51,26,32,32,8,1,0,0,1,0,0,0,1,0,0,상위스플릿,하위스플릿,상위권,강등위기,1,12,6,4,1,6
198,2023-10-08,15:00,33,1,대전,제주,1,0,대전 월드컵,대전 월드컵 경기장,15818,FE,Y,IB SPORTS//쿠팡플레이,일,고형진,흐림,19.1,61,0,Sunday,1,10,하반기,8,9,42,35,32,32,1,0,0,1,1,0,0,0,0,0,0,하위스플릿,하위스플릿,중위권,중위권,0,6,1,1,0,5
199,2023-10-20,19:30,34,1,포항,인천,1,1,포항 스틸야드,포항 스틸야드,4944,FE,Y,skySports//쿠팡플레이,금,김우성,맑음,14,25,0,Friday,0,10,하반기,2,6,58,48,33,33,4,1,1,0,0,0,0,0,0,1,0,상위스플릿,상위스플릿,ACL권,상위권,0,8,8,2,2,0
200,2023-10-21,14:00,34,1,광주,울산,1,0,광주 전용,광주 축구 전용경기장,5553,FE,Y,skySports//쿠팡플레이,토,김대용,흐림,18,50,0,Saturday,1,10,하반기,3,1,54,67,33,33,2,1,1,0,0,0,0,0,0,0,1,상위스플릿,상위스플릿,상위권,ACL권,0,12,6,4,1,6
201,2023-10-21,16:30,34,1,대구,전북,1,2,DGB대구은행파크,DGB대구은행파크,12211,FE,Y,JTBC G&S//쿠팡플레이,토,정동식,흐림,16.5,47,0,Saturday,1,10,하반기,5,4,49,49,33,33,1,1,1,0,0,0,0,0,0,0,0,상위스플릿,상위스플릿,상위권,상위권,0,11,7,3,2,4
202,2023-10-22,14:00,34,1,서울,강원,2,1,서울 월드컵,서울 월드컵 경기장,11638,FE,Y,skySports//쿠팡플레이,일,이동준,맑음,15.8,42,0,Sunday,1,10,하반기,7,11,47,26,33,33,4,0,0,1,1,0,0,0,1,0,0,하위스플릿,하위스플릿,중위권,강등위기,0,7,5,2,1,2
203,2023-10-22,14:00,34,1,제주,수원,2,0,제주 월드컵,제주 월드컵 경기장,4875,FE,Y,IB SPORTS//쿠팡플레이,일,김종혁,맑음,19.4,47,0,Sunday,1,10,하반기,9,12,35,25,33,33,3,0,0,1,1,0,1,0,1,0,0,하위스플릿,하위스플릿,중위권,강등권,0,1,3,0,1,-2
204,2023-10-22,16:40,34,1,대전,수원FC,1,1,대전 월드컵,대전 월드컵 경기장,9474,FE,Y,JTBC G&S//쿠팡플레이,일,박병진,맑음,18.9,42,0,Sunday,1,10,하반기,8,10,45,31,33,33,2,0,0,1,1,0,0,0,1,0,0,하위스플릿,하위스플릿,중위권,강등위기,0,8,5,2,1,3
205,2023-10-28,14:00,35,1,전북,포항,1,1,전주 월드컵,전주 월드컵 경기장,12266,FE,Y,skySports//쿠팡플레이,토,김영수,맑음,19,57,0,Saturday,1,10,하반기,4,2,52,59,34,34,2,1,1,0,0,0,0,0,0,0,1,상위스플릿,상위스플릿,상위권,ACL권,0,9,6,3,1,3
206,2023-10-28,16:30,35,1,광주,인천,0,2,광주 전용,광주 축구 전용경기장,4723,FE,Y,JTBC G&S//쿠팡플레이,토,신용준,맑음,19.5,50,0,Saturday,1,10,하반기,3,7,57,49,34,34,4,1,0,0,1,0,0,0,0,0,0,상위스플릿,하위스플릿,상위권,중위권,1,12,9,4,2,3
207,2023-10-28,16:30,35,1,강원,제주,1,1,강릉 종합,강릉 종합 운동장,5256,FE,Y,skySports//쿠팡플레이,토,김희곤,흐림,15.9,71,0,Saturday,1,10,하반기,11,9,26,38,34,34,2,0,0,1,1,0,0,1,0,0,0,하위스플릿,하위스플릿,강등위기,중위권,0,5,3,1,1,2
208,2023-10-29,14:00,35,1,울산,대구,2,0,울산 문수,울산 문수 축구경기장,18933,FE,Y,JTBC G&S//쿠팡플레이,일,채상협,맑음,19.2,49,0,Sunday,1,10,하반기,1,7,67,49,34,34,6,1,0,0,1,0,0,0,0,1,0,상위스플릿,하위스플릿,ACL권,중위권,1,6,8,1,2,-2
209,2023-10-29,14:00,35,1,수원,대전,2,2,수원 월드컵,수원 월드컵 경기장,11658,FE,Y,IB SPORTS//쿠팡플레이,일,고형진,맑음,18.8,44,0,Sunday,1,10,하반기,12,8,25,46,34,34,4,0,0,1,1,1,0,1,0,0,0,하위스플릿,하위스플릿,강등권,중위권,0,3,9,1,2,-6
210,2023-10-29,16:30,35,1,수원FC,서울,3,4,수원 종합,수원 종합 운동장,5372,FE,Y,skySports//쿠팡플레이,일,김우성,맑음,21.1,33,1,Sunday,1,10,하반기,10,6,32,50,34,34,4,0,1,1,0,0,0,1,0,0,0,하위스플릿,상위스플릿,강등위기,상위권,1,3,7,0,2,-4
211,2023-11-11,14:00,36,1,대전,강원,0,1,대전 월드컵,대전 월드컵 경기장,8000,FE,Y,skySports//쿠팡플레이,토,채상협,흐림,3.6,43,0,Saturday,1,11,하반기,8,11,47,27,35,35,3,0,0,1,1,0,0,0,1,0,0,하위스플릿,하위스플릿,중위권,강등위기,0,9,3,2,0,6
212,2023-11-11,16:30,36,1,대구,광주,1,1,DGB대구은행파크,DGB대구은행파크,12222,FE,Y,skySports//쿠팡플레이,토,이동준,흐림,9.8,39,1,Saturday,1,11,하반기,7,3,49,57,35,35,4,0,1,1,0,0,0,0,0,0,0,하위스플릿,상위스플릿,중위권,상위권,1,5,9,1,3,-4
213,2023-11-11,16:30,36,1,제주,서울,0,0,제주 월드컵,제주 월드컵 경기장,6039,FE,Y,쿠팡플레이//IB스포츠,토,송민석,맑음,14.1,53,0,Saturday,1,11,하반기,9,4,39,53,35,35,5,0,1,1,0,0,0,0,0,0,0,하위스플릿,상위스플릿,중위권,상위권,1,4,10,1,3,-6
214,2023-11-12,14:00,36,1,인천,전북,1,1,인천 전용,인천 축구 전용경기장,11912,FE,Y,MBC//skySports//쿠팡플레이,일,최현재,맑음,3,50,0,Sunday,1,11,하반기,6,5,52,53,35,35,1,1,1,0,0,0,0,0,0,0,0,상위스플릿,상위스플릿,상위권,상위권,0,9,10,2,3,-1
215,2023-11-12,14:00,36,1,수원FC,수원,2,3,수원 종합,수원 종합 운동장,8886,FE,Y,JTBC G&S//쿠팡플레이,일,김종혁,맑음,3.3,45,1,Sunday,1,11,하반기,10,12,32,26,35,35,2,0,0,1,1,0,1,1,1,0,0,하위스플릿,하위스플릿,강등위기,강등권,0,3,4,0,1,-1
216,2023-11-12,16:30,36,1,울산,포항,3,2,울산 문수,울산 문수 축구경기장,16946,FE,Y,skySports//쿠팡플레이,일,김희곤,맑음,8.6,30,1,Sunday,1,11,하반기,1,2,70,60,35,35,1,1,1,0,0,0,0,0,0,1,1,상위스플릿,상위스플릿,ACL권,ACL권,0,8,4,2,0,4
217,2023-11-24,19:30,37,1,인천,울산,3,1,인천 전용,인천 축구 전용경기장,7601,FE,Y,JTBC G&S//쿠팡플레이,금,김종혁,맑음,-0.4,45,0,Friday,0,11,하반기,6,1,53,73,36,36,5,1,1,0,0,0,0,0,0,0,1,상위스플릿,상위스플릿,상위권,ACL권,0,9,8,2,2,1
218,2023-11-25,14:00,37,1,전북,광주,2,0,전주 월드컵,전주 월드컵 경기장,11369,FE,Y,skySports//쿠팡플레이,토,정동식,맑음,2,29,0,Saturday,1,11,하반기,6,3,54,58,36,36,3,1,1,0,0,0,0,0,0,0,0,상위스플릿,상위스플릿,상위권,상위권,0,8,10,2,3,-2
219,2023-11-25,14:00,37,1,제주,대전,0,2,제주 월드컵,제주 월드컵 경기장,4713,FE,Y,JTBC G&S//쿠팡플레이,토,오현진,흐림,9.4,65,0,Saturday,1,11,하반기,9,8,40,47,36,36,1,0,0,1,1,0,0,0,0,0,0,하위스플릿,하위스플릿,중위권,중위권,0,5,6,1,1,-1
220,2023-11-25,16:30,37,1,포항,대구,1,0,포항 스틸야드,포항 스틸야드,9541,FE,Y,IB SPORTS//쿠팡플레이,토,김용우,맑음,6,38,1,Saturday,1,11,하반기,2,7,60,50,36,36,5,1,0,0,1,0,0,0,0,1,0,상위스플릿,하위스플릿,ACL권,중위권,1,3,5,0,1,-2
221,2023-11-25,16:30,37,1,서울,수원,0,1,서울 월드컵,서울 월드컵 경기장,36007,FE,Y,skySports//쿠팡플레이,토,박병진,맑음,2,21,1,Saturday,1,11,하반기,6,12,54,29,36,36,6,1,0,0,1,0,1,0,1,0,0,상위스플릿,하위스플릿,상위권,강등권,1,8,7,2,2,1
222,2023-11-25,16:30,37,1,강원,수원FC,2,0,강릉 종합,강릉 종합 운동장,7307,FE,Y,JTBC G&S//쿠팡플레이,토,이동준,맑음,5.3,30,0,Saturday,1,11,하반기,12,11,30,32,36,36,1,0,0,1,1,1,0,1,1,0,0,하위스플릿,하위스플릿,강등권,강등위기,0,5,3,1,0,2
223,2023-12-02,14:00,38,1,대전,서울,2,2,대전 월드컵,대전 월드컵 경기장,10176,FE,Y,skySports//쿠팡플레이,토,신용준,흐림,4.1,54,0,Saturday,1,12,하반기,7,6,50,54,37,37,1,0,1,1,0,0,0,0,0,0,0,하위스플릿,상위스플릿,중위권,상위권,1,8,7,2,2,1
224,2023-12-02,14:00,38,1,수원FC,제주,1,1,수원 종합,수원 종합 운동장,2602,FE,Y,IB SPORTS//쿠팡플레이,토,박병진,흐림,2.6,63,0,Saturday,1,12,하반기,12,9,32,40,37,37,3,0,0,1,1,1,0,1,0,0,0,하위스플릿,하위스플릿,강등권,중위권,0,2,5,0,1,-3
225,2023-12-02,14:00,38,1,수원,강원,0,0,수원 월드컵,수원 월드컵 경기장,24932,FE,Y,JTBC G&S//쿠팡플레이,토,고형진,맑음,2.6,63,0,Saturday,1,12,하반기,12,10,32,33,37,37,2,0,0,1,1,1,0,1,1,0,0,하위스플릿,하위스플릿,강등권,강등위기,0,10,7,3,2,3
226,2023-12-03,14:00,38,1,울산,전북,1,0,울산 문수,울산 문수 축구경기장,28638,FE,Y,skySports//쿠팡플레이,일,김우성,맑음,9.4,26,1,Sunday,1,12,하반기,1,4,73,57,37,37,3,1,1,0,0,0,0,0,0,1,0,상위스플릿,상위스플릿,ACL권,상위권,0,7,11,2,3,-4
227,2023-12-03,14:00,38,1,광주,포항,0,0,광주 전용,광주 축구 전용경기장,5817,FE,Y,JTBC G&S//쿠팡플레이,일,이동준,맑음,9,45,0,Sunday,1,12,하반기,3,2,58,63,37,37,1,1,1,0,0,0,0,0,0,0,1,상위스플릿,상위스플릿,상위권,ACL권,0,7,5,2,1,2
228,2023-12-03,14:00,38,1,대구,인천,2,1,DGB대구은행파크,DGB대구은행파크,12334,FE,Y,IB SPORTS//쿠팡플레이,일,송민석,맑음,7.9,29,0,Sunday,1,12,하반기,8,5,50,56,37,37,3,0,1,1,0,0,0,0,0,0,0,하위스플릿,상위스플릿,중위권,상위권,1,2,9,0,2,-7
1,2023-12-06,19:00,1,3,부산,수원FC,2,1,부산 아시아드,부산 아시아드 경기장,4047,FE,Y,skySports//쿠팡플레이,수,고형진,흐림,13,67,0,Wednesday,0,12,하반기,14,12,0,33,0,38,2,0,0,1,1,0,1,1,1,0,0,하위스플릿,하위스플릿,강등권,강등권,0,0,2,0,0,-2
2,2023-12-06,19:00,1,3,김포,강원,0,0,김포솔터축구장,김포솔터축구장,3736,FE,Y,JTBC G&S//쿠팡플레이,수,정동식,흐림,9,95,0,Wednesday,0,12,하반기,14,10,0,34,0,38,4,0,0,1,1,0,0,1,1,0,0,하위스플릿,하위스플릿,강등권,강등위기,0,0,8,0,2,-8
3,2023-12-09,14:00,2,3,수원FC,부산,5,2,수원 종합,수원 종합 운동장,6987,FE,Y,KBS1//skySports//쿠팡플레이,토,김종혁,흐림,15.1,76,0,Saturday,1,12,하반기,12,13,33,3,39,1,1,0,0,1,1,1,0,1,1,0,0,하위스플릿,하위스플릿,강등권,강등권,0,1,3,0,1,-2
4,2023-12-09,14:00,2,3,강원,김포,2,1,강릉 종합,강릉 종합 운동장,10130,FE,Y,JTBC G&S//쿠팡플레이,토,이동준,맑음,19.2,47,0,Saturday,1,12,하반기,11,14,35,1,39,1,3,0,0,1,1,0,0,1,1,0,0,하위스플릿,하위스플릿,강등위기,강등권,0,9,1,2,0,8
