라운드,경기번호,홈팀,원정팀,날짜,요일,주말,더비,온도,습도,예측관중,하한95,상한95
1,1,인천,서울,2026-02-28,Saturday,주말,더비,8.4,44,43364,8889,52036
1,2,울산,강원,2026-02-28,Saturday,주말,일반,8.4,44,24550,4831,29460
1,3,김천,포항,2026-02-28,Saturday,주말,일반,8.4,44,24550,4408,29460
1,4,전북,부천,2026-03-01,Sunday,주말,일반,11.4,46,24370,4635,29244
1,5,제주,광주,2026-03-01,Sunday,주말,일반,11.4,46,24370,3391,29244
1,6,대전,안양,2026-03-02,Monday,평일,일반,11.4,46,24115,4520,28937
2,7,포항,강원,2026-03-07,Saturday,주말,일반,11.4,46,12330,3661,14796
2,8,울산,서울,2026-03-07,Saturday,주말,일반,11.4,46,12330,3813,14796
2,9,광주,인천,2026-03-07,Saturday,주말,일반,11.4,46,12330,3573,14796
2,10,부천,대전,2026-03-07,Saturday,주말,일반,11.4,46,12330,3358,14796
2,11,김천,전북,2026-03-08,Sunday,주말,일반,11.4,46,11396,2483,13675
2,12,안양,제주,2026-03-08,Sunday,주말,일반,11.4,46,11396,2538,13675
3,13,광주,전북,2026-03-14,Saturday,주말,일반,11.4,46,11189,2822,13426
3,14,대전,김천,2026-03-14,Saturday,주말,일반,11.4,46,11189,2676,13426
3,15,부천,울산,2026-03-15,Sunday,주말,일반,11.4,46,10471,2005,12566
3,16,제주,서울,2026-03-15,Sunday,주말,일반,11.4,46,10471,2234,12566
3,17,강원,안양,2026-03-15,Sunday,주말,일반,11.4,46,10471,2505,12566
3,18,포항,인천,2026-03-15,Sunday,주말,일반,11.4,46,10471,1712,12566
4,19,김천,광주,2026-03-17,Tuesday,평일,일반,11.4,46,7338,0,8806
4,20,부천,강원,2026-03-18,Wednesday,평일,일반,11.4,46,6357,0,7629
4,21,인천,대전,2026-03-18,Wednesday,평일,일반,11.4,46,6357,0,7629
4,22,제주,울산,2026-03-18,Wednesday,평일,일반,11.4,46,6357,0,7629
4,23,전북,안양,2026-03-18,Wednesday,평일,일반,11.4,46,6357,0,7629
4,24,포항,서울,2026-03-18,Wednesday,평일,일반,11.4,46,6357,0,7629
5,25,대전,전북,2026-03-21,Saturday,주말,더비,11.4,46,20988,7207,25186
5,26,서울,광주,2026-03-22,Sunday,주말,일반,11.4,46,10618,1548,12741
5,27,울산,김천,2026-03-22,Sunday,주말,일반,11.4,46,10618,1782,12741
5,28,안양,인천,2026-03-22,Sunday,주말,일반,11.4,46,10618,2170,12741
5,29,강원,제주,2026-03-22,Sunday,주말,일반,11.4,46,10618,2036,12741
5,30,포항,부천,2026-03-22,Sunday,주말,일반,11.4,46,10618,1440,12741
6,31,제주,부천,2026-04-04,Saturday,주말,더비,17.5,44,20600,6491,24720
6,32,전북,울산,2026-04-04,Saturday,주말,더비,17.5,44,20600,6177,24720
6,33,포항,대전,2026-04-04,Saturday,주말,일반,17.5,44,10970,2400,13164
6,34,강원,광주,2026-04-04,Saturday,주말,일반,17.5,44,10970,2434,13164
6,35,안양,서울,2026-04-05,Sunday,주말,더비,17.5,44,19424,5881,23309
6,36,인천,김천,2026-04-05,Sunday,주말,일반,17.5,44,10066,1919,12079
7,37,포항,제주,2026-04-11,Saturday,주말,일반,17.5,44,9505,1512,11406
7,38,서울,전북,2026-04-11,Saturday,주말,일반,17.5,44,9505,1054,11406
7,39,광주,부천,2026-04-11,Saturday,주말,일반,17.5,44,9505,1603,11406
7,40,인천,울산,2026-04-11,Saturday,주말,일반,17.5,44,9505,1017,11406
7,41,대전,강원,2026-04-12,Sunday,주말,일반,17.5,44,8692,696,10430
7,42,김천,안양,2026-04-12,Sunday,주말,일반,17.5,44,8692,575,10430
8,43,강원,전북,2026-04-18,Saturday,주말,일반,17.5,44,9248,727,11098
8,44,서울,대전,2026-04-18,Saturday,주말,일반,17.5,44,9248,706,11098
8,45,제주,김천,2026-04-18,Saturday,주말,일반,17.5,44,9248,871,11098
8,46,부천,인천,2026-04-18,Saturday,주말,일반,17.5,44,9248,783,11098
8,47,울산,광주,2026-04-19,Sunday,주말,일반,17.5,44,8678,13,10414
8,48,포항,안양,2026-04-19,Sunday,주말,일반,17.5,44,8678,715,10414
9,49,김천,강원,2026-04-21,Tuesday,평일,일반,17.5,44,5869,0,7042
9,50,서울,부천,2026-04-21,Tuesday,평일,일반,17.5,44,5869,0,7042
9,51,전북,인천,2026-04-21,Tuesday,평일,일반,17.5,44,5869,0,7042
9,52,대전,제주,2026-04-22,Wednesday,평일,일반,17.5,44,5061,0,6074
9,53,안양,울산,2026-04-22,Wednesday,평일,일반,17.5,44,5061,0,6074
9,54,포항,광주,2026-04-22,Wednesday,평일,일반,17.5,44,5061,0,6074
10,55,강원,서울,2026-04-25,Saturday,주말,일반,17.5,44,10518,2278,12622
10,56,인천,제주,2026-04-25,Saturday,주말,일반,17.5,44,10518,2069,12622
10,57,부천,김천,2026-04-25,Saturday,주말,일반,17.5,44,10518,2052,12622
10,58,전북,포항,2026-04-26,Sunday,주말,일반,17.5,44,10085,1240,12101
10,59,광주,안양,2026-04-26,Sunday,주말,일반,17.5,44,10085,1285,12101
10,60,울산,대전,2026-04-26,Sunday,주말,일반,17.5,44,10085,1615,12101
11,61,서울,김천,2026-05-02,Saturday,주말,일반,20.7,51,12747,3867,15296
11,62,울산,포항,2026-05-02,Saturday,주말,더비,20.7,51,22893,7786,27472
11,63,인천,강원,2026-05-02,Saturday,주말,일반,20.7,51,12747,4034,15296
11,64,제주,전북,2026-05-02,Saturday,주말,일반,20.7,51,12747,4242,15296
11,65,안양,부천,2026-05-02,Saturday,주말,일반,20.7,51,12747,4077,15296
11,66,광주,대전,2026-05-02,Saturday,주말,일반,20.7,51,12747,3711,15296
12,67,전북,광주,2026-05-05,Tuesday,평일,일반,20.7,51,9258,1509,11109
12,68,부천,제주,2026-05-05,Tuesday,평일,더비,20.7,51,18355,4980,22026
12,69,김천,울산,2026-05-05,Tuesday,평일,일반,20.7,51,9258,830,11109
12,70,대전,인천,2026-05-05,Tuesday,평일,일반,20.7,51,9258,1104,11109
12,71,강원,포항,2026-05-05,Tuesday,평일,일반,20.7,51,9258,1036,11109
12,72,서울,안양,2026-05-05,Tuesday,평일,더비,20.7,51,18355,4859,22026
13,73,제주,서울,2026-05-09,Saturday,주말,일반,20.7,51,12974,4257,15569
13,74,김천,인천,2026-05-09,Saturday,주말,일반,20.7,51,12974,4034,15569
13,75,광주,강원,2026-05-09,Saturday,주말,일반,20.7,51,12974,4603,15569
13,76,대전,포항,2026-05-09,Saturday,주말,일반,20.7,51,12974,4283,15569
13,77,울산,부천,2026-05-10,Sunday,주말,일반,20.7,51,12211,3073,14653
13,78,안양,전북,2026-05-10,Sunday,주말,일반,20.7,51,12211,3403,14653
14,79,강원,대전,2026-05-12,Tuesday,평일,일반,20.7,51,8857,600,10628
14,80,광주,서울,2026-05-12,Tuesday,평일,일반,20.7,51,8857,426,10628
14,81,인천,포항,2026-05-12,Tuesday,평일,일반,20.7,51,8857,798,10628
14,82,울산,제주,2026-05-13,Wednesday,평일,일반,20.7,51,7711,0,9253
14,83,안양,김천,2026-05-13,Wednesday,평일,일반,20.7,51,7711,0,9253
14,84,부천,전북,2026-05-13,Wednesday,평일,일반,20.7,51,7711,0,9253
15,85,대전,서울,2026-05-16,Saturday,주말,일반,20.7,51,11986,3277,14383
15,86,인천,광주,2026-05-16,Saturday,주말,일반,20.7,51,11986,3022,14383
15,87,전북,김천,2026-05-17,Sunday,주말,일반,20.7,51,11147,2930,13377
15,88,제주,안양,2026-05-17,Sunday,주말,일반,20.7,51,11147,2098,13377
15,89,강원,울산,2026-05-17,Sunday,주말,일반,20.7,51,11147,2550,13377
15,90,부천,포항,2026-05-17,Sunday,주말,일반,20.7,51,11147,2144,13377
16,91,전북,강원,2026-07-04,Saturday,주말,일반,28.2,73,11026,2618,13232
16,92,대전,부천,2026-07-04,Saturday,주말,일반,28.2,73,11026,2244,13232
16,93,안양,포항,2026-07-04,Saturday,주말,일반,28.2,73,11026,1749,13232
16,94,서울,인천,2026-07-05,Sunday,주말,더비,28.2,73,19739,5885,23687
16,95,김천,제주,2026-07-05,Sunday,주말,일반,28.2,73,10351,1756,12422
16,96,광주,울산,2026-07-05,Sunday,주말,일반,28.2,73,10351,2282,12422
17,97,울산,전북,2026-07-11,Saturday,주말,더비,28.2,73,20890,6904,25067
17,98,김천,부천,2026-07-11,Saturday,주말,일반,28.2,73,11239,2229,13487
17,99,광주,포항,2026-07-11,Saturday,주말,일반,28.2,73,11239,2599,13487
17,100,제주,대전,2026-07-12,Sunday,주말,일반,28.2,73,10621,1925,12745
17,101,인천,안양,2026-07-12,Sunday,주말,일반,28.2,73,10621,2052,12745
17,102,서울,강원,2026-07-12,Sunday,주말,일반,28.2,73,10621,2243,12745
18,103,대전,울산,2026-07-18,Saturday,주말,일반,28.2,73,11439,2652,13727
18,104,강원,김천,2026-07-18,Saturday,주말,일반,28.2,73,11439,2616,13727
18,105,인천,전북,2026-07-18,Saturday,주말,일반,28.2,73,11439,2745,13727
18,106,제주,포항,2026-07-18,Saturday,주말,일반,28.2,73,11439,3250,13727
18,107,안양,광주,2026-07-19,Sunday,주말,일반,28.2,73,10754,1998,12905
18,108,부천,서울,2026-07-19,Sunday,주말,일반,28.2,73,10754,2228,12905
19,109,제주,강원,2026-07-21,Tuesday,평일,일반,28.2,73,7601,0,9122
19,110,울산,인천,2026-07-21,Tuesday,평일,일반,28.2,73,7601,0,9122
19,111,전북,대전,2026-07-21,Tuesday,평일,더비,28.2,73,16154,3462,19385
19,112,부천,안양,2026-07-22,Wednesday,평일,일반,28.2,73,6561,0,7873
19,113,광주,김천,2026-07-22,Wednesday,평일,일반,28.2,73,6561,0,7873
19,114,서울,포항,2026-07-22,Wednesday,평일,일반,28.2,73,6561,0,7873
20,115,포항,전북,2026-07-25,Saturday,주말,일반,28.2,73,11098,2281,13318
20,116,김천,대전,2026-07-25,Saturday,주말,일반,28.2,73,11098,1929,13318
20,117,안양,강원,2026-07-26,Sunday,주말,일반,28.2,73,10353,2334,12424
20,118,광주,제주,2026-07-26,Sunday,주말,일반,28.2,73,10353,2191,12424
20,119,인천,부천,2026-07-26,Sunday,주말,일반,28.2,73,10353,1973,12424
20,120,서울,울산,2026-07-26,Sunday,주말,일반,28.2,73,10353,1773,12424
21,121,강원,부천,2026-08-01,Saturday,주말,일반,28.8,68,11678,3017,14013
21,122,전북,서울,2026-08-01,Saturday,주말,일반,28.8,68,11678,2705,14013
21,123,포항,김천,2026-08-01,Saturday,주말,일반,28.8,68,11678,3111,14013
21,124,울산,안양,2026-08-02,Sunday,주말,일반,28.8,68,10989,2232,13186
21,125,대전,광주,2026-08-02,Sunday,주말,일반,28.8,68,10989,2808,13186
21,126,제주,인천,2026-08-02,Sunday,주말,일반,28.8,68,10989,2246,13186
22,127,안양,대전,2026-08-08,Saturday,주말,일반,28.8,68,11876,3207,14251
22,128,부천,광주,2026-08-08,Saturday,주말,일반,28.8,68,11876,2737,14251
22,129,강원,인천,2026-08-08,Saturday,주말,일반,28.8,68,11876,3191,14251
22,130,김천,서울,2026-08-08,Saturday,주말,일반,28.8,68,11876,2854,14251
22,131,전북,제주,2026-08-08,Saturday,주말,일반,28.8,68,11876,3931,14251
22,132,포항,울산,2026-08-08,Saturday,주말,더비,28.8,68,21700,7188,26040
23,133,광주,포항,2026-08-15,Saturday,주말,일반,28.8,68,12630,3612,15156
23,134,제주,안양,2026-08-15,Saturday,주말,일반,28.8,68,12630,3820,15156
23,135,서울,대전,2026-08-15,Saturday,주말,일반,28.8,68,12630,3894,15156
23,136,인천,김천,2026-08-16,Sunday,주말,일반,28.8,68,12066,3323,14479
23,137,부천,전북,2026-08-16,Sunday,주말,일반,28.8,68,12066,3332,14479
23,138,울산,강원,2026-08-16,Sunday,주말,일반,28.8,68,12066,3151,14479
24,139,안양,서울,2026-08-22,Saturday,주말,더비,28.8,68,23180,7516,27816
24,140,전북,울산,2026-08-22,Saturday,주말,더비,28.8,68,23180,7865,27816
24,141,포항,부천,2026-08-22,Saturday,주말,일반,28.8,68,13020,4715,15625
24,142,제주,김천,2026-08-22,Saturday,주말,일반,28.8,68,13020,4016,15625
24,143,대전,강원,2026-08-23,Sunday,주말,일반,28.8,68,12329,4084,14795
24,144,광주,인천,2026-08-23,Sunday,주말,일반,28.8,68,12329,3684,14795
25,145,서울,부천,2026-08-25,Tuesday,평일,일반,28.8,68,9137,857,10965
25,146,김천,전북,2026-08-25,Tuesday,평일,일반,28.8,68,9137,1186,10965
25,147,제주,포항,2026-08-25,Tuesday,평일,일반,28.8,68,9137,1299,10965
25,148,안양,인천,2026-08-26,Wednesday,평일,일반,28.8,68,8060,208,9672
25,149,대전,울산,2026-08-26,Wednesday,평일,일반,28.8,68,8060,0,9672
25,150,강원,광주,2026-08-26,Wednesday,평일,일반,28.8,68,8060,0,9672
26,151,울산,김천,2026-08-29,Saturday,주말,일반,28.8,68,12399,3532,14879
26,152,부천,안양,2026-08-29,Saturday,주말,일반,28.8,68,12399,3626,14879
26,153,광주,서울,2026-08-30,Sunday,주말,일반,28.8,68,11576,3285,13891
26,154,인천,전북,2026-08-30,Sunday,주말,일반,28.8,68,11576,2819,13891
26,155,제주,대전,2026-08-30,Sunday,주말,일반,28.8,68,11576,2853,13891
26,156,포항,강원,2026-08-30,Sunday,주말,일반,28.8,68,11576,2973,13891
27,157,부천,대전,2026-09-05,Saturday,주말,일반,26.0,64,12199,2848,14639
27,158,서울,인천,2026-09-05,Saturday,주말,더비,26.0,64,22103,7196,26524
27,159,전북,포항,2026-09-05,Saturday,주말,일반,26.0,64,12199,3175,14639
27,160,제주,울산,2026-09-05,Saturday,주말,일반,26.0,64,12199,3181,14639
27,161,안양,강원,2026-09-06,Sunday,주말,일반,26.0,64,11391,2804,13669
27,162,김천,광주,2026-09-06,Sunday,주말,일반,26.0,64,11391,3107,13669
28,163,울산,서울,2026-09-08,Tuesday,평일,일반,26.0,64,8084,209,9701
28,164,인천,부천,2026-09-08,Tuesday,평일,일반,26.0,64,8084,0,9701
28,165,대전,안양,2026-09-09,Wednesday,평일,일반,26.0,64,7010,0,8412
28,166,강원,전북,2026-09-09,Wednesday,평일,일반,26.0,64,7010,0,8412
28,167,광주,제주,2026-09-09,Wednesday,평일,일반,26.0,64,7010,0,8412
28,168,포항,김천,2026-09-09,Wednesday,평일,일반,26.0,64,7010,0,8412
29,169,전북,서울,2026-09-12,Saturday,주말,일반,26.0,64,11586,2839,13903
29,170,울산,인천,2026-09-12,Saturday,주말,일반,26.0,64,11586,3262,13903
29,171,부천,제주,2026-09-12,Saturday,주말,더비,26.0,64,21302,7015,25563
29,172,대전,포항,2026-09-12,Saturday,주말,일반,26.0,64,11586,2922,13903
29,173,김천,강원,2026-09-13,Sunday,주말,일반,26.0,64,10917,2721,13100
29,174,광주,안양,2026-09-13,Sunday,주말,일반,26.0,64,10917,2549,13100
30,175,부천,김천,2026-09-19,Saturday,주말,일반,26.0,64,17869,3352,21443
30,176,안양,울산,2026-09-19,Saturday,주말,일반,26.0,64,17869,3359,21443
30,177,강원,제주,2026-09-20,Sunday,주말,일반,26.0,64,17005,2456,20405
30,178,전북,광주,2026-09-20,Sunday,주말,일반,26.0,64,17005,2934,20405
30,179,인천,대전,2026-09-20,Sunday,주말,일반,26.0,64,17005,2345,20405
30,180,포항,서울,2026-09-20,Sunday,주말,일반,26.0,64,17005,2718,20405
31,181,대전,전북,2026-10-09,Friday,평일,더비,19.1,60,29738,5261,35686
31,182,강원,부천,2026-10-09,Friday,평일,일반,19.1,60,15695,2412,18834
31,183,인천,포항,2026-10-09,Friday,평일,일반,19.1,60,15695,2397,18834
31,184,서울,제주,2026-10-10,Saturday,주말,일반,19.1,60,17511,2776,21013
31,185,김천,안양,2026-10-10,Saturday,주말,일반,19.1,60,17511,2864,21013
31,186,광주,울산,2026-10-11,Sunday,주말,일반,19.1,60,16191,2752,19429
32,187,서울,김천,2026-10-17,Saturday,주말,일반,19.1,60,15526,2123,18631
32,188,울산,부천,2026-10-17,Saturday,주말,일반,19.1,60,15526,1910,18631
32,189,대전,광주,2026-10-18,Sunday,주말,일반,19.1,60,14343,1302,17211
32,190,전북,제주,2026-10-18,Sunday,주말,일반,19.1,60,14343,901,17211
32,191,강원,인천,2026-10-18,Sunday,주말,일반,19.1,60,14343,602,17211
32,192,포항,안양,2026-10-18,Sunday,주말,일반,19.1,60,14343,1695,17211
33,193,울산,포항,2026-10-24,Saturday,주말,더비,19.1,60,28692,5370,34431
33,194,안양,전북,2026-10-24,Saturday,주말,일반,19.1,60,14901,1651,17881
33,195,부천,광주,2026-10-24,Saturday,주말,일반,19.1,60,14901,1899,17881
33,196,김천,대전,2026-10-24,Saturday,주말,일반,19.1,60,14901,1660,17881
33,197,인천,제주,2026-10-24,Saturday,주말,일반,19.1,60,14901,1331,17881
33,198,서울,강원,2026-10-24,Saturday,주말,일반,19.1,60,14901,1055,17881
